Drop table DemandeInscript;
drop table LibSect;
Drop table Unit;
drop table Personne;
Drop table Localites;

create table Demandeinscript(
idDem 					varchar(40) not null,
numId 					varchar(40) not null unique,
etat 					varchar(25) not null,
dateCrea 				date,
dateModif 				date,
envoisColis             boolean not null,
prix 					numeric(4) not null,
libelleSection          varchar(50) not null,
libelleUnite            varchar(100) not null,
constraint	Dem_id_pk	primary key (idDem)
);

create table LibSect(
LibelleSect             varchar(50) not null,
libelleUnit             varchar(100) not null,
constraint 	lib_id_pk	primary key (LibelleSect,LibelleUnit)

);

create table Unit(
LibelleUnit             varchar(100) not null,
postalCodeLoca 			numeric(4) not null,
LibelleLoca 			varchar(50) not null,

constraint	unit_id_pk	primary key (LibelleUnit)
);

create table Localites(
postalCode 				numeric(4) not null,
Libelle 				varchar(50)not null,
constraint	loc_id_pk	primary key (postalCode,libelle)

);

create table Personne(
numId 					varchar(40) not null,
nom 					varchar(50) not null,
prenom 					varchar(50) not null,
typePers 				varchar(20) not null,
DateNaissance           date,
postalCodeLoc			numeric(4) not null,
LibelleLoc 				varchar(50) not null,
rue 					varchar (50) not null,
num 					varchar(5) not null,
numBoite 				varchar(3),
gsm 					varchar(10),
email 					varchar(100),
totem 					varchar(20) ,
idResp					varchar(40),
constraint	pers_id_pk	primary key (numId)
);

ALTER table Demandeinscript
ADD	CONSTRAINT Dem_libSectUnit_fk FOREIGN KEY (LIBELLESECTION,LIBELLEUNITE) REFERENCES LibSect(LIBELLESECT, LIBELLEUNIT);

alter table Demandeinscript
add constraint dem_idPers_fk foreign key (numid) references Personne(numid);
		
				
	
ALTER table UNIT
ADD	CONSTRAINT Unit_idLoca_fk foreign key (POSTALCODELOCA,LIBELLELOCA) REFERENCES Localites(POSTALCODE,LIBELLE);
 
 
ALTER table LibSect
ADD	CONSTRAINT 	LibSect_Unit_fk	FOREIGN KEY (LibelleUnit) REFERENCES Unit(LibelleUnit);
	
ALTER table Personne
ADD CONSTRAINT Perso_IdLoca_fk FOREIGN KEY (POSTALCODELOC,LIBELLELOC) REFERENCES Localites(POSTALCODE,LIBELLE);


ALTER TABLE Personne
add CONSTRAINT Perso_idResp_fk FOREIGN KEY	(numID) REFERENCES Personne(numId);

insert into localites values(2970,' Gravenwezel');
insert into localites values(3700,' Herenelderen');
insert into localites values(9420,'Aaigem');
insert into localites values(8511,'Aalbeke');
insert into localites values(3800,'Aalst');
insert into localites values(9300,'AALST');
insert into localites values(9880,'AALTER');
insert into localites values(3200,'AARSCHOT');
insert into localites values(8700,'Aarsele');
insert into localites values(8211,'Aartrijke');
insert into localites values(2630,'AARTSELAAR');
insert into localites values(4557,'Abée');
insert into localites values(4280,'Abolens');
insert into localites values(3930,'Achel');
insert into localites values(5590,'Achêne');
insert into localites values(5362,'Achet');
insert into localites values(4219,'Acosse');
insert into localites values(6280,'Acoz');
insert into localites values(9991,'Adegem');
insert into localites values(8660,'Adinkerke');
insert into localites values(1790,'AFFLIGEM');
insert into localites values(9051,'Afsnee');
insert into localites values(5544,'Agimont');
insert into localites values(4317,'Aineffe');
insert into localites values(5310,'Aische-En-Refail');
insert into localites values(6250,'Aiseau');
insert into localites values(5070,'Aisemont');
insert into localites values(3570,'ALKEN');
insert into localites values(5550,'Alle');
insert into localites values(4432,'Alleur');
insert into localites values(1652,'Alsemberg');
insert into localites values(8690,'ALVERINGEM');
insert into localites values(4540,'AMAY');
insert into localites values(6680,'Amberloup');
insert into localites values(4770,'AMBLÈVE');
insert into localites values(6953,'Ambly');
insert into localites values(4219,'Ambresin');
insert into localites values(6997,'Amonines');
insert into localites values(7750,'Amougies');
insert into localites values(4540,'Ampsin');
insert into localites values(5300,'ANDENNE');
insert into localites values(1070,'ANDERLECHT');
insert into localites values(6150,'ANDERLUES');
insert into localites values(4821,'Andrimont');
insert into localites values(4031,'Angleur');
insert into localites values(7387,'Angre');
insert into localites values(7387,'Angreau');
insert into localites values(5537,'ANHÉE');
insert into localites values(6721,'Anlier');
insert into localites values(6890,'Anloy');
insert into localites values(5537,'Annevoie-Rouillon');
insert into localites values(4430,'ANS');
insert into localites values(5500,'Anseremme');
insert into localites values(7750,'Anseroeul');
insert into localites values(5520,'Anthée');
insert into localites values(4520,'Antheit');
insert into localites values(4160,'ANTHISNES');
insert into localites values(7640,'ANTOING');
insert into localites values(2000,'ANTWERPEN');
insert into localites values(2018,'ANTWERPEN');
insert into localites values(2020,'ANTWERPEN');
insert into localites values(2030,'ANTWERPEN');
insert into localites values(2040,'ANTWERPEN');
insert into localites values(2050,'ANTWERPEN');
insert into localites values(2060,'ANTWERPEN');
insert into localites values(2099,'Antwerpen x');
insert into localites values(7910,'Anvaing');
insert into localites values(8570,'ANZEGEM');
insert into localites values(9200,'Appels');
insert into localites values(9400,'Appelterre-Eichem');
insert into localites values(5170,'Arbre');
insert into localites values(7811,'Arbre');
insert into localites values(4990,'Arbrefontaine');
insert into localites values(7910,'Arc-Ainières');
insert into localites values(7910,'Arc-Wattripont');
insert into localites values(1390,'Archennes');
insert into localites values(8850,'ARDOOIE');
insert into localites values(2370,'ARENDONK');
insert into localites values(4601,'Argenteau');
insert into localites values(6700,'ARLON');
insert into localites values(7181,'Arquennes');
insert into localites values(5060,'Arsimont');
insert into localites values(6870,'Arville');
insert into localites values(3665,'AS');
insert into localites values(9404,'Aspelare');
insert into localites values(9890,'Asper');
insert into localites values(7040,'Asquillies');
insert into localites values(1730,'ASSE');
insert into localites values(8310,'Assebroek');
insert into localites values(9960,'ASSENEDE');
insert into localites values(6860,'Assenois');
insert into localites values(3460,'Assent');
insert into localites values(5330,'ASSESSE');
insert into localites values(9800,'Astene');
insert into localites values(7800,'ATH');
insert into localites values(7387,'Athis');
insert into localites values(6791,'Athus');
insert into localites values(3404,'Attenhoven');
insert into localites values(3384,'Attenrode');
insert into localites values(6717,'ATTERT');
insert into localites values(7941,'Attre');
insert into localites values(6790,'AUBANGE');
insert into localites values(7972,'Aubechies');
insert into localites values(4880,'AUBEL');
insert into localites values(5660,'Aublain');
insert into localites values(6880,'Auby-Sur-Semois');
insert into localites values(1160,'AUDERGHEM');
insert into localites values(7382,'Audregnies');
insert into localites values(7040,'Aulnois');
insert into localites values(6706,'Autelbas');
insert into localites values(1367,'Autre-Eglise');
insert into localites values(7387,'Autreppe');
insert into localites values(5060,'Auvelais');
insert into localites values(5580,'Ave-Et-Auffe');
insert into localites values(8630,'Avekapelle');
insert into localites values(8580,'AVELGEM');
insert into localites values(4260,'Avennes');
insert into localites values(3271,'Averbode');
insert into localites values(4280,'Avernas-Le-Bauduin');
insert into localites values(4280,'Avin');
insert into localites values(4340,'AWANS');
insert into localites values(6870,'Awenne');
insert into localites values(4400,'Awirs');
insert into localites values(6900,'Aye');
insert into localites values(4630,'Ayeneux');
insert into localites values(4920,'AYWAILLE');
insert into localites values(9890,'Baaigem');
insert into localites values(3128,'Baal');
insert into localites values(9310,'Baardegem');
insert into localites values(2387,'BAARLE-HERTOG');
insert into localites values(9200,'Baasrode');
insert into localites values(9800,'Bachte-Maria-Leerne');
insert into localites values(4837,'BAELEN');
insert into localites values(5550,'Bagimont');
insert into localites values(6464,'Baileux');
insert into localites values(6460,'Bailièvre');
insert into localites values(5555,'Baillamont');
insert into localites values(7730,'Bailleul');
insert into localites values(5377,'Baillonville');
insert into localites values(7380,'Baisieux');
insert into localites values(1470,'Baisy-Thy');
insert into localites values(5190,'Balâtre');
insert into localites values(9860,'Balegem');
insert into localites values(2490,'BALEN');
insert into localites values(9420,'Bambrugge');
insert into localites values(6951,'Bande');
insert into localites values(6500,'Barbençon');
insert into localites values(4671,'Barchon');
insert into localites values(5570,'Baronville');
insert into localites values(7534,'Barry');
insert into localites values(5370,'Barvaux-Condroz');
insert into localites values(6940,'Barvaux-Sur-Ourthe');
insert into localites values(4520,'Bas-Oha');
insert into localites values(7784,'Bas-Warneton');
insert into localites values(7971,'Basècles');
insert into localites values(4983,'Basse-Bodeux');
insert into localites values(4690,'BASSENGE');
insert into localites values(9968,'Bassevelde');
insert into localites values(7830,'Bassilly');
insert into localites values(6600,'BASTOGNE');
insert into localites values(3870,'Batsheers');
insert into localites values(4651,'Battice');
insert into localites values(7130,'Battignies');
insert into localites values(7331,'Baudour');
insert into localites values(7870,'Bauffe');
insert into localites values(7604,'Baugnies');
insert into localites values(1401,'Baulers');
insert into localites values(9520,'Bavegem');
insert into localites values(8531,'Bavikhove');
insert into localites values(9150,'Bazel');
insert into localites values(4052,'Beaufays');
insert into localites values(6500,'BEAUMONT');
insert into localites values(5570,'BEAURAING');
insert into localites values(6980,'Beausaint');
insert into localites values(1320,'BEAUVECHAIN');
insert into localites values(6594,'Beauwelz');
insert into localites values(7532,'Beclers');
insert into localites values(3960,'Beek');
insert into localites values(9630,'Beerlegem');
insert into localites values(8730,'BEERNEM');
insert into localites values(2340,'BEERSE');
insert into localites values(1650,'BEERSEL');
insert into localites values(8600,'Beerst');
insert into localites values(1673,'Beert');
insert into localites values(9080,'Beervelde');
insert into localites values(2580,'Beerzel');
insert into localites values(5000,'Beez');
insert into localites values(6987,'Beffe');
insert into localites values(3130,'BEGIJNENDIJK');
insert into localites values(6672,'Beho');
insert into localites values(1852,'Beigem');
insert into localites values(8480,'Bekegem');
insert into localites values(1730,'Bekkerzeel');
insert into localites values(3460,'BEKKEVOORT');
insert into localites values(5001,'Belgrade');
insert into localites values(4610,'Bellaire');
insert into localites values(7170,'Bellecourt');
insert into localites values(5555,'Bellefontaine');
insert into localites values(6730,'Bellefontaine');
insert into localites values(8510,'Bellegem');
insert into localites values(9881,'Bellem');
insert into localites values(6834,'Bellevaux');
insert into localites values(4960,'Bellevaux-Ligneuville');
insert into localites values(1674,'Bellingen');
insert into localites values(7970,'BELOEIL');
insert into localites values(9111,'Belsele');
insert into localites values(4500,'Ben-Ahin');
insert into localites values(6941,'Bende');
insert into localites values(3540,'Berbroek');
insert into localites values(2600,'Berchem');
insert into localites values(9690,'Berchem');
insert into localites values(1082,'BERCHEM-SAINTE-AGATHE');
insert into localites values(2040,'Berendrecht');
insert into localites values(1910,'Berg');
insert into localites values(3700,'Berg');
insert into localites values(4360,'Bergilers');
insert into localites values(3580,'BERINGEN');
insert into localites values(2590,'BERLAAR');
insert into localites values(9290,'BERLARE');
insert into localites values(3830,'Berlingen');
insert into localites values(4257,'BERLOZ');
insert into localites values(4607,'Berneau');
insert into localites values(7320,'BERNISSART');
insert into localites values(6560,'Bersillies-L"Abbaye');
insert into localites values(3060,'BERTEM');
insert into localites values(6687,'BERTOGNE');
insert into localites values(4280,'Bertrée');
insert into localites values(6880,'BERTRIX');
insert into localites values(5651,'Berzée');
insert into localites values(8980,'Beselare');
insert into localites values(3130,'Betekom');
insert into localites values(4300,'Bettincourt');
insert into localites values(5030,'Beuzet');
insert into localites values(2560,'Bevel');
insert into localites values(4960,'Bevercé');
insert into localites values(9700,'Bevere');
insert into localites values(8791,'Beveren');
insert into localites values(8800,'Beveren');
insert into localites values(8691,'Beveren-Aan-De-Ijzer');
insert into localites values(9120,'BEVEREN-WAAS');
insert into localites values(3581,'Beverlo');
insert into localites values(3740,'Beverst');
insert into localites values(4610,'BEYNE-HEUSAY');
insert into localites values(6543,'Bienne-Lez-Happart');
insert into localites values(3360,'BIERBEEK');
insert into localites values(6533,'Biercée');
insert into localites values(1301,'Bierges');
insert into localites values(1430,'Bierghes');
insert into localites values(4460,'Bierset');
insert into localites values(5380,'Bierwart');
insert into localites values(5640,'Biesme');
insert into localites values(6531,'Biesme-Sous-Thuin');
insert into localites values(5640,'Biesmerée');
insert into localites values(1547,'BIÉVÈNE');
insert into localites values(5555,'BIÈVRE');
insert into localites values(1390,'Biez');
insert into localites values(6690,'Bihain');
insert into localites values(8920,'Bikschote');
insert into localites values(4831,'Bilstain');
insert into localites values(3740,'BILZEN');
insert into localites values(7130,'BINCHE');
insert into localites values(3850,'Binderveld');
insert into localites values(3211,'Binkom');
insert into localites values(5537,'Bioul');
insert into localites values(8501,'Bissegem');
insert into localites values(7783,'Bizet');
insert into localites values(2830,'Blaasveld');
insert into localites values(5542,'Blaimont');
insert into localites values(7522,'Blandain');
insert into localites values(3052,'Blanden');
insert into localites values(8370,'BLANKENBERGE');
insert into localites values(7040,'Blaregnies');
insert into localites values(7321,'Blaton');
insert into localites values(7370,'Blaugies');
insert into localites values(4670,'BLÉGNY');
insert into localites values(7620,'Bléharies');
insert into localites values(4280,'Blehen');
insert into localites values(6760,'Bleid');
insert into localites values(4300,'Bleret');
insert into localites values(7903,'Blicquy');
insert into localites values(3950,'BOCHOLT');
insert into localites values(4537,'Bodegnée');
insert into localites values(2530,'BOECHOUT');
insert into localites values(3890,'Boekhout');
insert into localites values(9961,'Boekhoute');
insert into localites values(4250,'Boëlhe');
insert into localites values(8904,'Boezinge');
insert into localites values(1670,'Bogaarden');
insert into localites values(5550,'Bohan');
insert into localites values(5140,'Boignée');
insert into localites values(4690,'Boirs');
insert into localites values(7170,'Bois-D"Haine');
insert into localites values(7866,'Bois-De-Lessines');
insert into localites values(5170,'Bois-De-Villers');
insert into localites values(4560,'Bois-Et-Borsu');
insert into localites values(5310,'Bolinne');
insert into localites values(4653,'Bolland');
insert into localites values(1367,'Bomal');
insert into localites values(6941,'Bomal-Sur-Ourthe');
insert into localites values(4607,'Bombaye');
insert into localites values(3840,'Bommershoven');
insert into localites values(7603,'Bon-Secours');
insert into localites values(4100,'Boncelles');
insert into localites values(5310,'Boneffe');
insert into localites values(2820,'BONHEIDEN');
insert into localites values(5021,'Boninne');
insert into localites values(1325,'Bonlez');
insert into localites values(6700,'Bonnert');
insert into localites values(5300,'Bonneville');
insert into localites values(5377,'Bonsin');
insert into localites values(2221,'Booischot');
insert into localites values(8630,'Booitshoeke');
insert into localites values(2850,'BOOM');
insert into localites values(3631,'Boorsem');
insert into localites values(3190,'BOORTMEERBEEK');
insert into localites values(1761,'Borchtlombeek');
insert into localites values(2140,'Borgerhout');
insert into localites values(3840,'BORGLOON');
insert into localites values(4317,'Borlez');
insert into localites values(3891,'Borlo');
insert into localites values(6941,'Borlon');
insert into localites values(2880,'BORNEM');
insert into localites values(1404,'Bornival');
insert into localites values(2150,'BORSBEEK');
insert into localites values(9552,'Borsbeke');
insert into localites values(5032,'Bossière');
insert into localites values(8583,'Bossuit');
insert into localites values(1390,'Bossut-Gottechain');
insert into localites values(3300,'Bost');
insert into localites values(5032,'Bothey');
insert into localites values(9820,'Bottelare');
insert into localites values(6200,'Bouffioulx');
insert into localites values(5004,'Bouge');
insert into localites values(7040,'Bougnies');
insert into localites values(6830,'BOUILLON');
insert into localites values(6464,'Bourlers');
insert into localites values(5575,'Bourseigne-Neuve');
insert into localites values(5575,'Bourseigne-Vieille');
insert into localites values(7110,'Boussoit');
insert into localites values(7300,'BOUSSU');
insert into localites values(5660,'Boussu-En-Fagne');
insert into localites values(6440,'Boussu-Lez-Walcourt');
insert into localites values(1470,'Bousval');
insert into localites values(3370,'BOUTERSEM');
insert into localites values(5500,'Bouvignes-Sur-Meuse');
insert into localites values(7803,'Bouvignies');
insert into localites values(2288,'Bouwel');
insert into localites values(8680,'Bovekerke');
insert into localites values(3870,'Bovelingen');
insert into localites values(4300,'Bovenistier');
insert into localites values(5081,'Bovesse');
insert into localites values(6671,'Bovigny');
insert into localites values(4990,'Bra');
insert into localites values(7604,'Braffe');
insert into localites values(5590,'Braibant');
insert into localites values(1420,'BRAINE-L"ALLEUD');
insert into localites values(1440,'BRAINE-LE-CHÂTEAU');
insert into localites values(7090,'BRAINE-LE-COMTE');
insert into localites values(4260,'BRAIVES');
insert into localites values(9660,'BRAKEL');
insert into localites values(5310,'Branchon');
insert into localites values(6800,'Bras');
insert into localites values(7604,'Brasmenil');
insert into localites values(2930,'BRASSCHAAT');
insert into localites values(7130,'Bray');
insert into localites values(2960,'BRECHT');
insert into localites values(8450,'BREDENE');
insert into localites values(3960,'BREE');
insert into localites values(2870,'Breendonk');
insert into localites values(4020,'Bressoux');
insert into localites values(8900,'Brielen');
insert into localites values(2520,'Broechem');
insert into localites values(3840,'Broekom');
insert into localites values(7940,'BRUGELETTE');
insert into localites values(8000,'BRUGGE');
insert into localites values(5660,'Brûly');
insert into localites values(5660,'Brûly-De-Pesche');
insert into localites values(1785,'Brussegem');
insert into localites values(3800,'Brustem');
insert into localites values(1000,'BRUXELLES');
insert into localites values(1099,'Bruxelles X');
insert into localites values(7641,'Bruyelle');
insert into localites values(6222,'Brye');
insert into localites values(3440,'Budingen');
insert into localites values(9255,'BUGGENHOUT');
insert into localites values(7911,'Buissenal');
insert into localites values(5580,'Buissonville');
insert into localites values(1501,'Buizingen');
insert into localites values(1910,'Buken');
insert into localites values(4760,'BULLANGE');
insert into localites values(8630,'Bulskamp');
insert into localites values(3380,'Bunsbeek');
insert into localites values(2070,'Burcht');
insert into localites values(4210,'BURDINNE');
insert into localites values(6927,'Bure');
insert into localites values(9420,'Burst');
insert into localites values(7602,'Bury');
insert into localites values(4750,'BUTGENBACH');
insert into localites values(3891,'Buvingen');
insert into localites values(7133,'Buvrinnes');
insert into localites values(6743,'Buzenol');
insert into localites values(6230,'Buzet');
insert into localites values(7604,'Callenelle');
insert into localites values(7642,'Calonne');
insert into localites values(7940,'Cambron-Casteau');
insert into localites values(7870,'Cambron-Saint-Vincent');
insert into localites values(1804,'Cargovil');
insert into localites values(6850,'Carlsbourg');
insert into localites values(7141,'Carnières');
insert into localites values(7061,'Casteau');
insert into localites values(5650,'Castillon');
insert into localites values(4317,'Celles');
insert into localites values(5561,'Celles');
insert into localites values(7760,'CELLES');
insert into localites values(4632,'Cérexhe-Heuseux');
insert into localites values(5630,'CERFONTAINE');
insert into localites values(1341,'Céroux-Mousty');
insert into localites values(4650,'Chaineux');
insert into localites values(5550,'Chairière');
insert into localites values(5020,'Champion');
insert into localites values(6971,'Champlon');
insert into localites values(6921,'Chanly');
insert into localites values(6742,'Chantemelle');
insert into localites values(7903,'Chapelle-À-Oie');
insert into localites values(7903,'Chapelle-À-Wattines');
insert into localites values(7160,'CHAPELLE-LEZ-HERLAIMONT');
insert into localites values(4537,'Chapon-Seraing');
insert into localites values(6000,'CHARLEROI');
insert into localites values(6099,'Charleroi X');
insert into localites values(4654,'Charneux');
insert into localites values(6824,'Chassepierre');
insert into localites values(1450,'Chastre-Villeroux-Blanmont');
insert into localites values(5650,'Chastrès');
insert into localites values(6200,'CHÂTELET');
insert into localites values(6200,'Châtelineau');
insert into localites values(6747,'Châtillon');
insert into localites values(4050,'CHAUDFONTAINE');
insert into localites values(1325,'CHAUMONT-GISTOUX');
insert into localites values(7063,'Chaussée-Notre-Dame-Louvignies');
insert into localites values(4032,'Chênee');
insert into localites values(6673,'Cherain');
insert into localites values(4602,'Cheratte');
insert into localites values(7521,'Chercq');
insert into localites values(5590,'Chevetogne');
insert into localites values(4987,'Chevron');
insert into localites values(7950,'CHIÈVRES');
insert into localites values(6460,'CHIMAY');
insert into localites values(6810,'CHINY');
insert into localites values(4400,'Chokier');
insert into localites values(5560,'Ciergnon');
insert into localites values(5590,'CINEY');
insert into localites values(4260,'Ciplet');
insert into localites values(7024,'Ciply');
insert into localites values(1480,'Clabecq');
insert into localites values(4560,'CLAVIER');
insert into localites values(4890,'Clermont');
insert into localites values(5650,'Clermont');
insert into localites values(4480,'Clermont-Sous-Huy');
insert into localites values(5022,'Cognelée');
insert into localites values(7340,'COLFONTAINE');
insert into localites values(4170,'COMBLAIN-AU-PONT');
insert into localites values(4180,'Comblain-Fairon');
insert into localites values(4180,'Comblain-La-Tour');
insert into localites values(7780,'Comines');
insert into localites values(7780,'COMINES-WARNETON');
insert into localites values(5590,'Conneux');
insert into localites values(1435,'Corbais');
insert into localites values(6838,'Corbion');
insert into localites values(7910,'Cordes');
insert into localites values(5620,'Corenne');
insert into localites values(4860,'Cornesse');
insert into localites values(5555,'Cornimont');
insert into localites values(5032,'Corroy-Le-Château');
insert into localites values(1325,'Corroy-Le-Grand');
insert into localites values(4257,'Corswarem');
insert into localites values(1450,'Cortil-Noirmont');
insert into localites values(5380,'Cortil-Wodon');
insert into localites values(6010,'Couillet');
insert into localites values(6120,'Cour-Sur-Heure');
insert into localites values(6180,'COURCELLES');
insert into localites values(5336,'Courrière');
insert into localites values(1490,'COURT-SAINT-ETIENNE');
insert into localites values(4218,'Couthuin');
insert into localites values(5300,'Coutisse');
insert into localites values(1380,'Couture-Saint-Germain');
insert into localites values(5660,'COUVIN');
insert into localites values(4280,'Cras-Avernas');
insert into localites values(4280,'Crehen');
insert into localites values(4367,'CRISNÉE');
insert into localites values(7120,'Croix-Lez-Rouveroy');
insert into localites values(4784,'Crombach');
insert into localites values(5332,'Crupet');
insert into localites values(7033,'Cuesmes');
insert into localites values(6880,'Cugnon');
insert into localites values(5660,'Cul-Des-Sarts');
insert into localites values(5562,'Custinne');
insert into localites values(8890,'Dadizele');
insert into localites values(5660,'Dailly');
insert into localites values(9160,'Daknam');
insert into localites values(4607,'DALHEM');
insert into localites values(8340,'DAMME');
insert into localites values(6767,'Dampicourt');
insert into localites values(6020,'Dampremy');
insert into localites values(4253,'Darion');
insert into localites values(5630,'Daussois');
insert into localites values(5020,'Daussoulx');
insert into localites values(5100,'Dave');
insert into localites values(6929,'DAVERDISSE');
insert into localites values(8420,'DE HAAN');
insert into localites values(9170,'De Klinge');
insert into localites values(8630,'De Moeren');
insert into localites values(8660,'DE PANNE');
insert into localites values(9840,'DE PINTE');
insert into localites values(8540,'DEERLIJK');
insert into localites values(9570,'Deftinge');
insert into localites values(9800,'DEINZE');
insert into localites values(9280,'Denderbelle');
insert into localites values(9450,'Denderhoutem');
insert into localites values(9470,'DENDERLEEUW');
insert into localites values(9200,'DENDERMONDE');
insert into localites values(9400,'Denderwindeke');
insert into localites values(5537,'Denée');
insert into localites values(8720,'DENTERGEM');
insert into localites values(7912,'Dergneau');
insert into localites values(2480,'DESSEL');
insert into localites values(8792,'Desselgem');
insert into localites values(9070,'DESTELBERGEN');
insert into localites values(9042,'Desteldonk');
insert into localites values(9831,'Deurle');
insert into localites values(2100,'Deurne');
insert into localites values(3290,'Deurne');
insert into localites values(7864,'Deux-Acren');
insert into localites values(5310,'Dhuy');
insert into localites values(1831,'Diegem');
insert into localites values(3590,'DIEPENBEEK');
insert into localites values(3290,'DIEST');
insert into localites values(3700,'Diets-Heur');
insert into localites values(8900,'Dikkebus');
insert into localites values(9630,'Dikkele');
insert into localites values(9890,'Dikkelvenne');
insert into localites values(8600,'DIKSMUIDE');
insert into localites values(1700,'DILBEEK');
insert into localites values(3650,'Dilsen');
insert into localites values(3650,'DILSEN-STOKKEM');
insert into localites values(5500,'DINANT');
insert into localites values(5570,'Dion');
insert into localites values(1325,'Dion-Valmont');
insert into localites values(4820,'DISON');
insert into localites values(6960,'Dochamps');
insert into localites values(9130,'Doel');
insert into localites values(6836,'Dohan');
insert into localites values(5680,'DOISCHE');
insert into localites values(4140,'Dolembreux');
insert into localites values(4357,'DONCEEL');
insert into localites values(1370,'Dongelberg');
insert into localites values(3540,'Donk');
insert into localites values(6536,'Donstiennes');
insert into localites values(5530,'Dorinne');
insert into localites values(3440,'Dormaal');
insert into localites values(7711,'Dottignies');
insert into localites values(7370,'DOUR');
insert into localites values(5670,'Dourbes');
insert into localites values(8951,'Dranouter');
insert into localites values(5500,'Dréhance');
insert into localites values(8600,'Driekapellen');
insert into localites values(3350,'Drieslinter');
insert into localites values(1620,'DROGENBOS');
insert into localites values(9031,'Drongen');
insert into localites values(8380,'Dudzele');
insert into localites values(2570,'DUFFEL');
insert into localites values(3080,'Duisburg');
insert into localites values(3803,'Duras');
insert into localites values(6940,'DURBUY');
insert into localites values(5530,'Durnal');
insert into localites values(1653,'Dworp');
insert into localites values(4690,'Eben-Emael');
insert into localites values(6860,'Ebly');
insert into localites values(7190,'Ecaussinnes-D"Enghien');
insert into localites values(7191,'Ecaussinnes-Lalaing');
insert into localites values(2650,'EDEGEM');
insert into localites values(9700,'Edelare');
insert into localites values(9900,'EEKLO');
insert into localites values(8480,'Eernegem');
insert into localites values(8740,'Egem');
insert into localites values(8630,'Eggewaartskapelle');
insert into localites values(5310,'EGHEZÉE');
insert into localites values(4120,'Ehein');
insert into localites values(4480,'Ehein');
insert into localites values(3740,'Eigenbilzen');
insert into localites values(2430,'Eindhout');
insert into localites values(9700,'Eine');
insert into localites values(3630,'Eisden');
insert into localites values(9810,'Eke');
insert into localites values(2180,'Ekeren');
insert into localites values(9160,'Eksaarde');
insert into localites values(3941,'Eksel');
insert into localites values(3650,'Elen');
insert into localites values(9620,'Elene');
insert into localites values(1982,'Elewijt');
insert into localites values(3400,'Eliksem');
insert into localites values(1671,'Elingen');
insert into localites values(4590,'Ellemelle');
insert into localites values(7890,'ELLEZELLES');
insert into localites values(7910,'Ellignies-Lez-Frasnes');
insert into localites values(7972,'Ellignies-Saint-Anne');
insert into localites values(3670,'Ellikom');
insert into localites values(7370,'Elouges');
insert into localites values(9790,'Elsegem');
insert into localites values(4750,'Elsenborn');
insert into localites values(9660,'Elst');
insert into localites values(8906,'Elverdinge');
insert into localites values(9140,'Elversele');
insert into localites values(2520,'Emblem');
insert into localites values(4053,'Embourg');
insert into localites values(8870,'Emelgem');
insert into localites values(5080,'Emines');
insert into localites values(5363,'Emptinne');
insert into localites values(9700,'Ename');
insert into localites values(3800,'Engelmanshoven');
insert into localites values(7850,'ENGHIEN');
insert into localites values(4480,'ENGIS');
insert into localites values(1350,'Enines');
insert into localites values(4800,'Ensival');
insert into localites values(7134,'Epinois');
insert into localites values(1980,'Eppegem');
insert into localites values(5580,'Eprave');
insert into localites values(7050,'Erbaut');
insert into localites values(7050,'Erbisoeul');
insert into localites values(7500,'Ere');
insert into localites values(9320,'Erembodegem');
insert into localites values(6997,'EREZÉE');
insert into localites values(5644,'Ermeton-Sur-Biert');
insert into localites values(5030,'Ernage');
insert into localites values(6972,'Erneuville');
insert into localites values(4920,'Ernonheid');
insert into localites values(9420,'Erondegem');
insert into localites values(9420,'Erpe');
insert into localites values(5101,'Erpent');
insert into localites values(6441,'Erpion');
insert into localites values(3071,'Erps-Kwerps');
insert into localites values(6560,'ERQUELINNES');
insert into localites values(7387,'Erquennes');
insert into localites values(9940,'Ertvelde');
insert into localites values(9620,'Erwetegem');
insert into localites values(7760,'Escanaffles');
insert into localites values(8600,'Esen');
insert into localites values(4130,'ESNEUX');
insert into localites values(8587,'Espierres');
insert into localites values(7502,'Esplechin');
insert into localites values(7743,'Esquelmes');
insert into localites values(2910,'ESSEN');
insert into localites values(1790,'Essene');
insert into localites values(7730,'Estaimbourg');
insert into localites values(7730,'ESTAIMPUIS');
insert into localites values(7120,'Estinnes-Au-Mont');
insert into localites values(7120,'Estinnes-Au-Val');
insert into localites values(6740,'ETALLE');
insert into localites values(6760,'Ethe');
insert into localites values(9680,'Etikhove');
insert into localites values(8460,'Ettelgem');
insert into localites values(1040,'ETTERBEEK');
insert into localites values(7080,'Eugies');
insert into localites values(4700,'EUPEN');
insert into localites values(4631,'Evegnée');
insert into localites values(5350,'Evelette');
insert into localites values(9660,'Everbeek');
insert into localites values(3078,'Everberg');
insert into localites values(1140,'EVERE');
insert into localites values(9940,'EVERGEM');
insert into localites values(7730,'Evregnies');
insert into localites values(5530,'Evrehailles');
insert into localites values(4731,'Eynatten');
insert into localites values(3400,'Ezemaal');
insert into localites values(5600,'Fagnolle');
insert into localites values(4317,'FAIMES');
insert into localites values(5522,'Falaen');
insert into localites values(5060,'Falisolle');
insert into localites values(4260,'Fallais');
insert into localites values(5500,'Falmagne');
insert into localites values(5500,'Falmignoul');
insert into localites values(7181,'Familleureux');
insert into localites values(6240,'FARCIENNES');
insert into localites values(5340,'Faulx-Les-Tombes');
insert into localites values(7120,'Fauroeulx');
insert into localites values(6637,'FAUVILLERS');
insert into localites values(4950,'Faymonville');
insert into localites values(6856,'Fays-Les-Veneurs');
insert into localites values(7387,'Fayt-Le-Franc');
insert into localites values(7170,'Fayt-Lez-Manage');
insert into localites values(5570,'Felenne');
insert into localites values(7181,'Feluy');
insert into localites values(4607,'Feneur');
insert into localites values(4190,'FERRIÈRES');
insert into localites values(5570,'Feschaux');
insert into localites values(4347,'FEXHE-LE-HAUT-CLOCHER');
insert into localites values(4458,'Fexhe-Slins');
insert into localites values(4181,'Filot');
insert into localites values(5560,'Finnevaux');
insert into localites values(4530,'Fize-Fontaine');
insert into localites values(4367,'Fize-Le-Marsal');
insert into localites values(6686,'Flamierge');
insert into localites values(5620,'Flavion');
insert into localites values(5020,'Flawinne');
insert into localites values(4400,'Flémalle-Grande');
insert into localites values(4400,'Flémalle-Haute');
insert into localites values(7012,'Flénu');
insert into localites values(4620,'FLÉRON');
insert into localites values(6220,'FLEURUS');
insert into localites values(7880,'FLOBECQ');
insert into localites values(4540,'Flône');
insert into localites values(5334,'Florée');
insert into localites values(5150,'FLOREFFE');
insert into localites values(5620,'FLORENNES');
insert into localites values(6820,'FLORENVILLE');
insert into localites values(5150,'Floriffoux');
insert into localites values(5370,'Flostoy');
insert into localites values(5572,'Focant');
insert into localites values(1350,'Folx-Les-Caves');
insert into localites values(6140,'FONTAINE-L"EVÊQUE');
insert into localites values(6567,'Fontaine-Valmont');
insert into localites values(5650,'Fontenelle');
insert into localites values(6820,'Fontenoille');
insert into localites values(7643,'Fontenoy');
insert into localites values(4340,'Fooz');
insert into localites values(6141,'Forchies-La-Marche');
insert into localites values(1190,'FOREST');
insert into localites values(7910,'Forest');
insert into localites values(4870,'Forêt');
insert into localites values(6596,'Forge-Philippe');
insert into localites values(6464,'Forges');
insert into localites values(6953,'Forrières');
insert into localites values(5380,'Forville');
insert into localites values(4980,'Fosse');
insert into localites values(5070,'FOSSES-LA-VILLE');
insert into localites values(7830,'Fouleng');
insert into localites values(6440,'Fourbechies');
insert into localites values(3798,'Fouron-Le-Comte');
insert into localites values(3790,'Fouron-Saint-Martin');
insert into localites values(3792,'Fouron-Saint-Pierre');
insert into localites values(5504,'Foy-Notre-Dame');
insert into localites values(4870,'Fraipont');
insert into localites values(5650,'Fraire');
insert into localites values(4557,'Fraiture');
insert into localites values(7080,'FRAMERIES');
insert into localites values(6853,'Framont');
insert into localites values(5380,'Franc-Waret');
insert into localites values(5600,'Franchimont');
insert into localites values(4970,'Francorchamps');
insert into localites values(5150,'Franière');
insert into localites values(5660,'Frasnes');
insert into localites values(7911,'Frasnes-Lez-Buissenal');
insert into localites values(6210,'Frasnes-Lez-Gosselies');
insert into localites values(4347,'Freloux');
insert into localites values(6800,'Freux');
insert into localites values(6440,'FROIDCHAPELLE');
insert into localites values(5576,'Froidfontaine');
insert into localites values(7504,'Froidmont');
insert into localites values(6990,'Fronville');
insert into localites values(7503,'Froyennes');
insert into localites values(4260,'Fumal');
insert into localites values(5500,'Furfooz');
insert into localites values(5641,'Furnaux');
insert into localites values(1750,'Gaasbeek');
insert into localites values(7943,'Gages');
insert into localites values(7906,'Gallaix');
insert into localites values(1570,'GALMAARDEN');
insert into localites values(1083,'GANSHOREN');
insert into localites values(7530,'Gaurain-Ramecroix');
insert into localites values(9890,'GAVERE');
insert into localites values(5575,'GEDINNE');
insert into localites values(2440,'GEEL');
insert into localites values(4250,'GEER');
insert into localites values(1367,'Geest-Gérompont-Petit-Rosière');
insert into localites values(3450,'GEETBETS');
insert into localites values(5024,'Gelbressée');
insert into localites values(3800,'Gelinden');
insert into localites values(3620,'Gellik');
insert into localites values(3200,'Gelrode');
insert into localites values(8980,'Geluveld');
insert into localites values(8940,'Geluwe');
insert into localites values(6929,'Gembes');
insert into localites values(5030,'GEMBLOUX');
insert into localites values(4851,'Gemmenich');
insert into localites values(1470,'GENAPPE');
insert into localites values(3600,'GENK');
insert into localites values(7040,'Genly');
insert into localites values(3770,'Genoelselderen');
insert into localites values(9000,'GENT');
insert into localites values(9099,'Gent X');
insert into localites values(9050,'Gentbrugge');
insert into localites values(1450,'Gentinnes');
insert into localites values(1332,'Genval');
insert into localites values(9500,'GERAARDSBERGEN');
insert into localites values(3960,'Gerdingen');
insert into localites values(5524,'Gerin');
insert into localites values(1367,'Gérompont');
insert into localites values(6769,'Gérouville');
insert into localites values(6280,'GERPINNES');
insert into localites values(2590,'Gestel');
insert into localites values(5340,'GESVES');
insert into localites values(7822,'Ghislenghien');
insert into localites values(7011,'Ghlin');
insert into localites values(7863,'Ghoy');
insert into localites values(7823,'Gibecq');
insert into localites values(2275,'Gierle');
insert into localites values(8691,'Gijverinkhove');
insert into localites values(9308,'Gijzegem');
insert into localites values(8570,'Gijzelbrechtegem');
insert into localites values(9860,'Gijzenzele');
insert into localites values(6060,'Gilly');
insert into localites values(5680,'Gimnée');
insert into localites values(3890,'GINGELOM');
insert into localites values(8470,'GISTEL');
insert into localites values(8830,'Gits');
insert into localites values(7041,'Givry');
insert into localites values(1473,'Glabais');
insert into localites values(3380,'GLABBEEK');
insert into localites values(4000,'Glain');
insert into localites values(4400,'Gleixhe');
insert into localites values(1315,'Glimes');
insert into localites values(4690,'Glons');
insert into localites values(5680,'Gochenée');
insert into localites values(7160,'Godarville');
insert into localites values(5530,'Godinne');
insert into localites values(9620,'Godveerdegem');
insert into localites values(4834,'Goé');
insert into localites values(9500,'Goeferdinge');
insert into localites values(7040,'Goegnies-Chaussée');
insert into localites values(5353,'Goesnes');
insert into localites values(3300,'Goetsenhoven');
insert into localites values(4140,'Gomzé-Andoumont');
insert into localites values(7830,'Gondregnies');
insert into localites values(5660,'Gonrieux');
insert into localites values(9090,'Gontrode');
insert into localites values(1755,'GOOIK');
insert into localites values(3840,'Gors-Opleeuw');
insert into localites values(3803,'Gorsem');
insert into localites values(6041,'Gosselies');
insert into localites values(3840,'Gotem');
insert into localites values(9800,'Gottem');
insert into localites values(7070,'Gottignies');
insert into localites values(6280,'Gougnies');
insert into localites values(5651,'Gourdinne');
insert into localites values(6030,'Goutroux');
insert into localites values(6670,'GOUVY');
insert into localites values(6181,'Gouy-Lez-Piéton');
insert into localites values(6534,'Gozée');
insert into localites values(4460,'Grâce-Berleur');
insert into localites values(4460,'GRÂCE-HOLLOGNE');
insert into localites values(5555,'Graide');
insert into localites values(9800,'Grammene');
insert into localites values(4300,'Grand-Axhe');
insert into localites values(4280,'Grand-Hallet');
insert into localites values(6698,'Grand-Halleux');
insert into localites values(5031,'Grand-Leez');
insert into localites values(5030,'Grand-Manil');
insert into localites values(4650,'Grand-Rechain');
insert into localites values(6560,'Grand-Reng');
insert into localites values(1367,'Grand-Rosière-Hottomont');
insert into localites values(7973,'Grandglise');
insert into localites values(6940,'Grandhan');
insert into localites values(6960,'Grandmenil');
insert into localites values(7900,'Grandmetz');
insert into localites values(6470,'Grandrieu');
insert into localites values(4360,'Grandville');
insert into localites values(6840,'Grandvoir');
insert into localites values(6840,'Grapfontaine');
insert into localites values(7830,'Graty');
insert into localites values(5640,'Graux');
insert into localites values(3450,'Grazen');
insert into localites values(9200,'Grembergen');
insert into localites values(1390,'GREZ-DOICEAU');
insert into localites values(1850,'GRIMBERGEN');
insert into localites values(9506,'Grimminge');
insert into localites values(4030,'Grivegnee');
insert into localites values(2280,'GROBBENDONK');
insert into localites values(1702,'Groot-Bijgaarden');
insert into localites values(3800,'Groot-Gelmen');
insert into localites values(3840,'Groot-Loon');
insert into localites values(5555,'Gros-Fays');
insert into localites values(7950,'Grosage');
insert into localites values(3990,'Grote-Brogel');
insert into localites values(3740,'Grote-Spouwen');
insert into localites values(9620,'Grotenberge');
insert into localites values(3670,'Gruitrode');
insert into localites values(6952,'Grune');
insert into localites values(6927,'Grupont');
insert into localites values(7620,'Guignies');
insert into localites values(3723,'Guigoven');
insert into localites values(6704,'Guirsch');
insert into localites values(8560,'Gullegem');
insert into localites values(3870,'Gutshoven');
insert into localites values(3150,'HAACHT');
insert into localites values(9450,'HAALTERT');
insert into localites values(9120,'Haasdonk');
insert into localites values(3053,'Haasrode');
insert into localites values(6720,'Habay-La-Neuve');
insert into localites values(6723,'Habay-La-Vieille');
insert into localites values(6782,'Habergy');
insert into localites values(4684,'Haccourt');
insert into localites values(6720,'Hachy');
insert into localites values(7911,'Hacquegnies');
insert into localites values(5351,'Haillot');
insert into localites values(7100,'Haine-Saint-Paul');
insert into localites values(7100,'Haine-Saint-Pierre');
insert into localites values(7350,'Hainin');
insert into localites values(3300,'Hakendover');
insert into localites values(6792,'Halanzy');
insert into localites values(3545,'HALEN');
insert into localites values(2220,'Hallaar');
insert into localites values(1500,'HALLE');
insert into localites values(2980,'Halle');
insert into localites values(3440,'Halle-Booienhoven');
insert into localites values(6986,'Halleux');
insert into localites values(6922,'Halma');
insert into localites values(3800,'Halmaal');
insert into localites values(5340,'Haltinne');
insert into localites values(6120,'HAM-SUR-HEURE');
insert into localites values(5190,'Ham-Sur-Sambre');
insert into localites values(6840,'Hamipré');
insert into localites values(1785,'Hamme');
insert into localites values(9220,'HAMME');
insert into localites values(1320,'Hamme-Mille');
insert into localites values(4180,'HAMOIR');
insert into localites values(5360,'HAMOIS');
insert into localites values(3930,'Hamont');
insert into localites values(6990,'Hampteau');
insert into localites values(5580,'Han-Sur-Lesse');
insert into localites values(8610,'Handzame');
insert into localites values(4357,'Haneffe');
insert into localites values(4210,'Hannêche');
insert into localites values(4280,'HANNUT');
insert into localites values(5310,'Hanret');
insert into localites values(9850,'Hansbeke');
insert into localites values(6560,'Hantes-Wihéries');
insert into localites values(5621,'Hanzinelle');
insert into localites values(5621,'Hanzinne');
insert into localites values(7321,'Harchies');
insert into localites values(8530,'HARELBEKE');
insert into localites values(1130,'Haren');
insert into localites values(3700,'Haren');
insert into localites values(3840,'Haren');
insert into localites values(6900,'Hargimont');
insert into localites values(7022,'Harmignies');
insert into localites values(6767,'Harnoncourt');
insert into localites values(6960,'Harre');
insert into localites values(6950,'Harsin');
insert into localites values(7022,'Harveng');
insert into localites values(4920,'Harzé');
insert into localites values(3500,'HASSELT');
insert into localites values(5540,'Hastière-Lavaux');
insert into localites values(5541,'Hastière-Par-Delà');
insert into localites values(6870,'Hatrival');
insert into localites values(7120,'Haulchin');
insert into localites values(4730,'Hauset');
insert into localites values(6929,'Haut-Fays');
insert into localites values(1461,'Haut-Ittre');
insert into localites values(5537,'Haut-Le-Wastia');
insert into localites values(7334,'Hautrage');
insert into localites values(7041,'Havay');
insert into localites values(5370,'HAVELANGE');
insert into localites values(5590,'Haversin');
insert into localites values(7531,'Havinnes');
insert into localites values(7021,'Havre');
insert into localites values(3940,'Hechtel');
insert into localites values(5543,'Heer');
insert into localites values(3870,'HEERS');
insert into localites values(3740,'Hees');
insert into localites values(8551,'Heestert');
insert into localites values(2801,'Heffen');
insert into localites values(1670,'Heikruis');
insert into localites values(2830,'Heindonk');
insert into localites values(6700,'Heinsch');
insert into localites values(8301,'Heist-Aan-Zee');
insert into localites values(2220,'HEIST-OP-DEN-BERG');
insert into localites values(1790,'Hekelgem');
insert into localites values(3870,'Heks');
insert into localites values(8587,'Helchin');
insert into localites values(3530,'Helchteren');
insert into localites values(9450,'Heldergem');
insert into localites values(3440,'Helen-Bos');
insert into localites values(7830,'Hellebecq');
insert into localites values(9571,'Hemelveerdegem');
insert into localites values(2620,'HEMIKSEM');
insert into localites values(5380,'Hemptinne');
insert into localites values(5620,'Hemptinne-Lez-Florennes');
insert into localites values(3840,'Hendrieken');
insert into localites values(3700,'Henis');
insert into localites values(7090,'Hennuyères');
insert into localites values(4841,'Henri-Chapelle');
insert into localites values(7090,'Henripont');
insert into localites values(7350,'HENSIES');
insert into localites values(3971,'Heppen');
insert into localites values(4771,'Heppenbach');
insert into localites values(6220,'Heppignies');
insert into localites values(6887,'HERBEUMONT');
insert into localites values(7050,'Herchies');
insert into localites values(3770,'Herderen');
insert into localites values(9310,'Herdersem');
insert into localites values(3020,'HERENT');
insert into localites values(2200,'HERENTALS');
insert into localites values(2270,'HERENTHOUT');
insert into localites values(1540,'Herfelingen');
insert into localites values(4728,'Hergenrath');
insert into localites values(7742,'Hérinnes-Lez-Pecq');
insert into localites values(3540,'HERK-DE-STAD');
insert into localites values(4681,'Hermalle-Sous-Argenteau');
insert into localites values(4480,'Hermalle-Sous-Huy');
insert into localites values(4680,'Hermée');
insert into localites values(5540,'Hermeton-Sur-Meuse');
insert into localites values(1540,'HERNE');
insert into localites values(4217,'HÉRON');
insert into localites values(7911,'Herquegies');
insert into localites values(7712,'Herseaux');
insert into localites values(2230,'HERSELT');
insert into localites values(4040,'HERSTAL');
insert into localites values(3717,'HERSTAPPE');
insert into localites values(7522,'Hertain');
insert into localites values(3831,'Herten');
insert into localites values(8020,'Hertsberge');
insert into localites values(4650,'HERVE');
insert into localites values(9550,'HERZELE');
insert into localites values(8501,'Heule');
insert into localites values(5377,'Heure');
insert into localites values(4682,'Heure-Le-Romain');
insert into localites values(9700,'Heurne');
insert into localites values(3550,'Heusden');
insert into localites values(9070,'Heusden');
insert into localites values(3550,'HEUSDEN-ZOLDER');
insert into localites values(4802,'Heusy');
insert into localites values(3191,'Hever');
insert into localites values(3001,'Heverlee');
insert into localites values(1435,'Hévillers');
insert into localites values(6941,'Heyd');
insert into localites values(9550,'Hillegem');
insert into localites values(2880,'Hingene');
insert into localites values(5380,'Hingeon');
insert into localites values(6984,'Hives');
insert into localites values(2660,'Hoboken');
insert into localites values(4351,'Hodeige');
insert into localites values(6987,'Hodister');
insert into localites values(4162,'Hody');
insert into localites values(3320,'HOEGAARDEN');
insert into localites values(1560,'HOEILAART');
insert into localites values(8340,'Hoeke');
insert into localites values(3746,'Hoelbeek');
insert into localites values(3471,'Hoeleden');
insert into localites values(3840,'Hoepertingen');
insert into localites values(3730,'HOESELT');
insert into localites values(2940,'Hoevenen');
insert into localites values(1981,'Hofstade');
insert into localites values(9308,'Hofstade');
insert into localites values(5377,'Hogne');
insert into localites values(4342,'Hognoul');
insert into localites values(7620,'Hollain');
insert into localites values(6637,'Hollange');
insert into localites values(8902,'Hollebeke');
insert into localites values(4460,'Hollogne-Aux-Pierres');
insert into localites values(4250,'Hollogne-Sur-Geer');
insert into localites values(3220,'HOLSBEEK');
insert into localites values(2811,'Hombeek');
insert into localites values(4852,'Hombourg');
insert into localites values(6640,'Hompré');
insert into localites values(6780,'Hondelange');
insert into localites values(5570,'Honnay');
insert into localites values(8830,'HOOGLEDE');
insert into localites values(8690,'Hoogstade');
insert into localites values(2320,'HOOGSTRATEN');
insert into localites values(4460,'Horion-Hozémont');
insert into localites values(7301,'Hornu');
insert into localites values(3870,'Horpmaal');
insert into localites values(7060,'Horrues');
insert into localites values(6990,'HOTTON');
insert into localites values(6724,'Houdemont');
insert into localites values(7110,'Houdeng-Aimeries');
insert into localites values(7110,'Houdeng-Goegnies');
insert into localites values(5575,'Houdremont');
insert into localites values(6660,'HOUFFALIZE');
insert into localites values(5563,'Hour');
insert into localites values(4671,'Housse');
insert into localites values(1476,'Houtain-Le-Val');
insert into localites values(4682,'Houtain-Saint-Siméon');
insert into localites values(7812,'Houtaing');
insert into localites values(8377,'Houtave');
insert into localites values(8630,'Houtem');
insert into localites values(3530,'Houthalen');
insert into localites values(7781,'Houthem');

insert into localites values(8650,'HOUTHULST');
insert into localites values(2235,'Houtvenne');
insert into localites values(3390,'Houwaart');
insert into localites values(5530,'Houx');
insert into localites values(5560,'HOUYET');
insert into localites values(2540,'HOVE');
insert into localites values(7830,'Hoves');
insert into localites values(7624,'Howardries');
insert into localites values(4520,'Huccorgne');
insert into localites values(9750,'Huise');
insert into localites values(7950,'Huissignies');
insert into localites values(1654,'Huizingen');
insert into localites values(3040,'HULDENBERG');
insert into localites values(2235,'HULSHOUT');
insert into localites values(5560,'Hulsonniaux');
insert into localites values(8531,'Hulste');
insert into localites values(6900,'Humain');
insert into localites values(1851,'Humbeek');
insert into localites values(9630,'Hundelgem');
insert into localites values(1367,'Huppaye');
insert into localites values(4500,'HUY');
insert into localites values(7022,'Hyon');
insert into localites values(8480,'ICHTEGEM');
insert into localites values(9472,'Iddergem');
insert into localites values(9506,'Idegem');
insert into localites values(8900,'IEPER');
insert into localites values(9340,'Impe');
insert into localites values(1315,'INCOURT');
insert into localites values(8770,'INGELMUNSTER');
insert into localites values(8570,'Ingooigem');
insert into localites values(7801,'Irchonwelz');
insert into localites values(7822,'Isières');
insert into localites values(5032,'Isnes');
insert into localites values(2222,'Itegem');
insert into localites values(1701,'Itterbeek');
insert into localites values(1460,'ITTRE');
insert into localites values(4400,'Ivoz-Ramet');
insert into localites values(1050,'IXELLES');
insert into localites values(8870,'IZEGEM');
insert into localites values(6810,'Izel');
insert into localites values(8691,'Izenberge');
insert into localites values(6941,'Izier');
insert into localites values(8490,'JABBEKE');
insert into localites values(4845,'JALHAY');
insert into localites values(5354,'Jallet');
insert into localites values(5600,'Jamagne');
insert into localites values(5100,'Jambes');
insert into localites values(5600,'Jamiolle');
insert into localites values(6120,'Jamioulx');
insert into localites values(6810,'Jamoigne');
insert into localites values(1350,'Jandrain-Jandrenouille');
insert into localites values(1350,'Jauche');
insert into localites values(1370,'Jauchelette');
insert into localites values(5570,'Javingue');
insert into localites values(4540,'Jehay');
insert into localites values(6880,'Jehonville');
insert into localites values(7012,'Jemappes');
insert into localites values(5580,'Jemelle');
insert into localites values(4101,'Jemeppe-Sur-Meuse');
insert into localites values(5190,'JEMEPPE-SUR-SAMBRE');
insert into localites values(4357,'Jeneffe');
insert into localites values(5370,'Jeneffe');
insert into localites values(3840,'Jesseren');
insert into localites values(1090,'JETTE');
insert into localites values(3890,'Jeuk');
insert into localites values(1370,'JODOIGNE');
insert into localites values(1370,'Jodoigne-Souveraine');
insert into localites values(7620,'Jollain-Merlin');
insert into localites values(6280,'Joncret');
insert into localites values(4650,'Julémont');
insert into localites values(6040,'Jumet');
insert into localites values(4020,'Jupille-Sur-Meuse');
insert into localites values(4450,'JUPRELLE');
insert into localites values(7050,'JURBISE');
insert into localites values(6642,'Juseret');
insert into localites values(8600,'Kaaskerke');
insert into localites values(8870,'Kachtem');
insert into localites values(3293,'Kaggevinne');
insert into localites values(7540,'Kain');
insert into localites values(9270,'Kalken');
insert into localites values(9120,'Kallo');
insert into localites values(9130,'Kallo');
insert into localites values(2920,'KALMTHOUT');
insert into localites values(1910,'KAMPENHOUT');
insert into localites values(8700,'Kanegem');
insert into localites values(3770,'Kanne');
insert into localites values(1880,'KAPELLE-OP-DEN-BOS');
insert into localites values(2950,'KAPELLEN');
insert into localites values(3381,'Kapellen');
insert into localites values(9970,'KAPRIJKE');
insert into localites values(8572,'Kaster');
insert into localites values(2460,'KASTERLEE');
insert into localites values(3950,'Kaulille');
insert into localites values(3140,'KEERBERGEN');
insert into localites values(8600,'Keiem');
insert into localites values(4367,'Kemexhe');
insert into localites values(8956,'Kemmel');
insert into localites values(9190,'Kemzeke');
insert into localites values(8581,'Kerkhove');
insert into localites values(3370,'Kerkom');
insert into localites values(3800,'Kerkom-Bij-Sint-Truiden');
insert into localites values(9451,'Kerksken');
insert into localites values(3510,'Kermt');
insert into localites values(3840,'Kerniel');
insert into localites values(3472,'Kersbeek-Miskom');
insert into localites values(2560,'Kessel');
insert into localites values(3010,'Kessel Lo');
insert into localites values(3640,'Kessenich');
insert into localites values(1755,'Kester');
insert into localites values(4701,'Kettenis');
insert into localites values(5060,'Keumiée');
insert into localites values(9130,'Kieldrecht');
insert into localites values(3640,'KINROOI');
insert into localites values(3870,'Klein-Gelmen');
insert into localites values(3990,'Kleine-Brogel');
insert into localites values(3740,'Kleine-Spouwen');
insert into localites values(8420,'Klemskerke');
insert into localites values(8650,'Klerken');
insert into localites values(9940,'Kluizen');
insert into localites values(9910,'KNESSELARE');
insert into localites values(8300,'Knokke');
insert into localites values(1730,'Kobbegem');
insert into localites values(8680,'KOEKELARE');
insert into localites values(1081,'KOEKELBERG');
insert into localites values(3582,'Koersel');
insert into localites values(8670,'KOKSIJDE');
insert into localites values(3700,'Kolmont');
insert into localites values(3840,'Kolmont');
insert into localites values(2500,'Koningshooikt');
insert into localites values(3700,'Koninksem');
insert into localites values(2550,'KONTICH');
insert into localites values(8510,'Kooigem');
insert into localites values(8000,'Koolkerke');
insert into localites values(8851,'Koolskamp');
insert into localites values(3060,'Korbeek-Dijle');
insert into localites values(3360,'Korbeek-Lo');
insert into localites values(8610,'KORTEMARK');
insert into localites values(3470,'KORTENAKEN');
insert into localites values(3070,'KORTENBERG');
insert into localites values(3720,'KORTESSEM');
insert into localites values(3890,'Kortijs');
insert into localites values(8500,'KORTRIJK');
insert into localites values(3220,'Kortrijk-Dutsel');
insert into localites values(3850,'Kozen');
insert into localites values(1950,'KRAAINEM');
insert into localites values(8972,'Krombeke');
insert into localites values(9150,'KRUIBEKE');
insert into localites values(9770,'KRUISHOUTEM');
insert into localites values(3300,'Kumtich');
insert into localites values(3511,'Kuringen');
insert into localites values(3840,'Kuttekoven');
insert into localites values(8520,'KUURNE');
insert into localites values(3945,'Kwaadmechelen');
insert into localites values(9690,'Kwaremont');
insert into localites values(1320,'L"Ecluse');
insert into localites values(6464,'L"Escaillère');
insert into localites values(7080,'La Bouverie');
insert into localites values(4720,'LA CALAMINE');
insert into localites values(7611,'La Glanerie');
insert into localites values(4987,'La Gleize');
insert into localites values(7170,'La Hestre');
insert into localites values(1310,'LA HULPE');
insert into localites values(7100,'LA LOUVIÈRE');
insert into localites values(4910,'La Reid');
insert into localites values(6980,'LA ROCHE-EN-ARDENNE');
insert into localites values(3400,'Laar');
insert into localites values(9270,'LAARNE');
insert into localites values(6567,'Labuissière');
insert into localites values(6821,'Lacuisine');
insert into localites values(7950,'Ladeuze');
insert into localites values(1020,'Laeken');
insert into localites values(5550,'Laforet');
insert into localites values(7890,'Lahamaide');
insert into localites values(7522,'Lamain');
insert into localites values(4800,'Lambermont');
insert into localites values(6220,'Lambusart');
insert into localites values(4350,'Lamine');
insert into localites values(4210,'Lamontzée');
insert into localites values(6767,'Lamorteau');
insert into localites values(8600,'Lampernisse');
insert into localites values(3620,'LANAKEN');
insert into localites values(4600,'Lanaye');
insert into localites values(9850,'Landegem');
insert into localites values(6111,'Landelies');
insert into localites values(3400,'LANDEN');
insert into localites values(5300,'Landenne');
insert into localites values(9860,'Landskouter');
insert into localites values(5651,'Laneffe');
insert into localites values(3201,'Langdorp');
insert into localites values(8920,'Langemark');
insert into localites values(3650,'Lanklaar');
insert into localites values(7800,'Lanquesaint');
insert into localites values(4450,'Lantin');
insert into localites values(4300,'Lantremange');
insert into localites values(7622,'Laplaigne');
insert into localites values(8340,'Lapscheure');
insert into localites values(1380,'Lasne-Chapelle-Saint-Lambert');
insert into localites values(1370,'Lathuy');
insert into localites values(4261,'Latinne');
insert into localites values(6761,'Latour');
insert into localites values(3700,'Lauw');
insert into localites values(8930,'Lauwe');
insert into localites values(6681,'Lavacherie');
insert into localites values(5580,'Lavaux-Saint-Anne');
insert into localites values(4217,'Lavoir');
insert into localites values(5670,'Le Mesnil');
insert into localites values(7070,'LE ROEULX');
insert into localites values(5070,'Le Roux');
insert into localites values(9280,'LEBBEKE');
insert into localites values(9340,'LEDE');
insert into localites values(9050,'Ledeberg');
insert into localites values(8880,'LEDEGEM');
insert into localites values(3061,'Leefdaal');
insert into localites values(1755,'Leerbeek');
insert into localites values(6142,'Leernes');
insert into localites values(6530,'Leers-Et-Fosteau');
insert into localites values(7730,'Leers-Nord');
insert into localites values(2811,'Leest');
insert into localites values(9620,'Leeuwergem');
insert into localites values(8432,'Leffinge');
insert into localites values(6860,'LÉGLISE');
insert into localites values(5590,'Leignon');
insert into localites values(8691,'Leisele');
insert into localites values(8600,'Leke');
insert into localites values(1502,'Lembeek');
insert into localites values(9971,'Lembeke');
insert into localites values(9820,'Lemberge');
insert into localites values(8860,'LENDELEDE');
insert into localites values(7870,'LENS');
insert into localites values(4280,'Lens-Saint-Remy');
insert into localites values(4250,'Lens-Saint-Servais');
insert into localites values(4360,'Lens-Sur-Geer');
insert into localites values(3970,'LEOPOLDSBURG');
insert into localites values(4560,'Les Avins');
insert into localites values(6811,'Les Bulles');
insert into localites values(6830,'Les Hayons');
insert into localites values(4317,'Les Waleffes');
insert into localites values(7621,'Lesdain');
insert into localites values(7860,'LESSINES');
insert into localites values(5580,'Lessive');
insert into localites values(6953,'Lesterny');
insert into localites values(5170,'Lesve');
insert into localites values(9521,'Letterhoutem');
insert into localites values(6500,'Leugnies');
insert into localites values(9700,'Leupegem');
insert into localites values(3630,'Leut');
insert into localites values(3000,'LEUVEN');
insert into localites values(5310,'Leuze');
insert into localites values(7900,'LEUZE-EN-HAINAUT');
insert into localites values(6500,'Leval-Chaudeville');
insert into localites values(7134,'Leval-Trahegnies');
insert into localites values(6238,'Liberchies');
insert into localites values(6890,'LIBIN');
insert into localites values(6800,'LIBRAMONT-CHEVIGNY');
insert into localites values(2460,'Lichtaart');
insert into localites values(8810,'LICHTERVELDE');
insert into localites values(1770,'LIEDEKERKE');
insert into localites values(9400,'Lieferinge');
insert into localites values(4000,'LIÈGE');
insert into localites values(4020,'LIÈGE');
insert into localites values(4099,'Liège X');
insert into localites values(2500,'LIER');
insert into localites values(4990,'LIERNEUX');
insert into localites values(5310,'Liernu');
insert into localites values(4042,'Liers');
insert into localites values(2870,'Liezele');
insert into localites values(7812,'Ligne');
insert into localites values(4254,'Ligney');
insert into localites values(5140,'Ligny');
insert into localites values(2275,'LILLE');
insert into localites values(2040,'Lillo');
insert into localites values(1428,'Lillois-Witterzée');
insert into localites values(1300,'Limal');
insert into localites values(4830,'LIMBOURG');
insert into localites values(1342,'Limelette');
insert into localites values(6670,'Limerlé');
insert into localites values(4357,'Limont');
insert into localites values(4287,'LINCENT');
insert into localites values(3210,'Linden');
insert into localites values(1630,'LINKEBEEK');
insert into localites values(3560,'Linkhout');
insert into localites values(1357,'Linsmeau');
insert into localites values(2547,'LINT');
insert into localites values(3350,'LINTER');
insert into localites values(2890,'Lippelo');
insert into localites values(5501,'Lisogne');
insert into localites values(8380,'Lissewege');
insert into localites values(5101,'Lives-Sur-Meuse');
insert into localites values(4600,'Lixhe');
insert into localites values(8647,'Lo');
insert into localites values(6540,'LOBBES');
insert into localites values(9080,'LOCHRISTI');
insert into localites values(6042,'Lodelinsart');
insert into localites values(2990,'Loenhout');
insert into localites values(8958,'Loker');
insert into localites values(9160,'LOKEREN');
insert into localites values(3545,'Loksbergen');
insert into localites values(8434,'Lombardsijde');
insert into localites values(7870,'Lombise');
insert into localites values(3920,'LOMMEL');
insert into localites values(4783,'Lommersweiler');
insert into localites values(6463,'Lompret');
insert into localites values(6924,'Lomprez');
insert into localites values(4431,'Loncin');
insert into localites values(1840,'LONDERZEEL');
insert into localites values(5310,'Longchamps');
insert into localites values(6688,'Longchamps');
insert into localites values(6840,'Longlier');
insert into localites values(1325,'Longueville');
insert into localites values(6600,'Longvilly');
insert into localites values(4710,'LONTZEN');
insert into localites values(5030,'Lonzée');
insert into localites values(3040,'Loonbeek');
insert into localites values(8210,'Loppem');
insert into localites values(4987,'Lorcé');
insert into localites values(1651,'Lot');
insert into localites values(9880,'Lotenhulle');
insert into localites values(5575,'Louette-Saint-Denis');
insert into localites values(5575,'Louette-Saint-Pierre');
insert into localites values(1471,'Loupoigne');
insert into localites values(1348,'Louvain-La-Neuve');
insert into localites values(4141,'Louveigné');
insert into localites values(4920,'Louveigné');
insert into localites values(9920,'LOVENDEGEM');
insert into localites values(3360,'Lovenjoel');
insert into localites values(6280,'Loverval');
insert into localites values(5101,'Loyers');
insert into localites values(3210,'LUBBEEK');
insert into localites values(7700,'Luingne');
insert into localites values(3560,'LUMMEN');
insert into localites values(5170,'Lustin');
insert into localites values(6238,'Luttre');
insert into localites values(9680,'Maarke-Kerkem');
insert into localites values(3680,'MAASEIK');
insert into localites values(3630,'MAASMECHELEN');
insert into localites values(6663,'Mabompré');
insert into localites values(1830,'MACHELEN');
insert into localites values(9870,'Machelen');
insert into localites values(6591,'Macon');
insert into localites values(6593,'Macquenoise');
insert into localites values(5374,'Maffe');
insert into localites values(7810,'Maffle');
insert into localites values(4623,'Magnée');
insert into localites values(5330,'Maillen');
insert into localites values(7812,'Mainvault');
insert into localites values(7020,'Maisières');
insert into localites values(6852,'Maissin');
insert into localites values(5300,'Maizeret');
insert into localites values(3700,'Mal');
insert into localites values(9990,'MALDEGEM');
insert into localites values(1840,'Malderen');
insert into localites values(6960,'Malempré');
insert into localites values(1360,'Malèves-Sainte-Marie-Wastines');
insert into localites values(2390,'MALLE');
insert into localites values(4960,'MALMEDY');
insert into localites values(5020,'Malonne');
insert into localites values(5575,'Malvoisin');
insert into localites values(7170,'MANAGE');
insert into localites values(4760,'Manderfeld');
insert into localites values(8433,'Mannekensvere');
insert into localites values(1380,'Maransart');
insert into localites values(1495,'Marbais');
insert into localites values(6120,'Marbaix');
insert into localites values(6900,'MARCHE-EN-FAMENNE');
insert into localites values(5024,'Marche-Les-Dames');
insert into localites values(7190,'Marche-Lez-Ecaussinnes');
insert into localites values(6030,'Marchienne-Au-Pont');
insert into localites values(4570,'MARCHIN');
insert into localites values(7387,'Marchipont');
insert into localites values(5380,'Marchovelette');
insert into localites values(6001,'Marcinelle');
insert into localites values(6987,'Marcourt');
insert into localites values(7850,'Marcq');
insert into localites values(6990,'Marenne');
insert into localites values(9030,'Mariakerke');
insert into localites values(2880,'Mariekerke');
insert into localites values(5660,'Mariembourg');
insert into localites values(1350,'Marilles');
insert into localites values(8510,'Marke');
insert into localites values(8720,'Markegem');
insert into localites values(4210,'Marneffe');
insert into localites values(7522,'Marquain');
insert into localites values(6630,'MARTELANGE');
insert into localites values(3742,'Martenslinde');
insert into localites values(5573,'Martouzin-Neuville');
insert into localites values(6953,'Masbourg');
insert into localites values(7050,'Masnuy-Saint-Jean');
insert into localites values(7050,'Masnuy-Saint-Pierre');
insert into localites values(9230,'Massemen');
insert into localites values(2240,'Massenhoven');
insert into localites values(5680,'Matagne-La-Grande');
insert into localites values(5680,'Matagne-La-Petite');
insert into localites values(9700,'Mater');
insert into localites values(7640,'Maubray');
insert into localites values(7534,'Maulde');
insert into localites values(7110,'Maurage');
insert into localites values(5670,'Mazée');
insert into localites values(1745,'Mazenzele');
insert into localites values(5032,'Mazy');
insert into localites values(5372,'Méan');
insert into localites values(2800,'MECHELEN');
insert into localites values(3630,'Mechelen-Aan-De-Maas');
insert into localites values(3870,'Mechelen-Bovelingen');
insert into localites values(4219,'Meeffe');
insert into localites values(3391,'Meensel-Kiezegem');
insert into localites values(2321,'Meer');
insert into localites values(3078,'Meerbeek');
insert into localites values(9402,'Meerbeke');
insert into localites values(9170,'Meerdonk');
insert into localites values(2450,'MEERHOUT');
insert into localites values(2328,'Meerle');
insert into localites values(3630,'Meeswijk');
insert into localites values(8377,'Meetkerke');
insert into localites values(3670,'Meeuwen');
insert into localites values(5310,'Mehaigne');
insert into localites values(9800,'Meigem');
insert into localites values(9630,'Meilegem');
insert into localites values(1860,'MEISE');
insert into localites values(6769,'MEIX-DEVANT-VIRTON');
insert into localites values(6747,'Meix-Le-Tige');
insert into localites values(9700,'Melden');
insert into localites values(3320,'Meldert');
insert into localites values(3560,'Meldert');
insert into localites values(9310,'Meldert');
insert into localites values(4633,'Melen');
insert into localites values(1370,'Mélin');
insert into localites values(3350,'Melkwezer');
insert into localites values(9090,'MELLE');
insert into localites values(1495,'Mellery');
insert into localites values(7540,'Melles');
insert into localites values(6211,'Mellet');
insert into localites values(6860,'Mellier');
insert into localites values(1820,'Melsbroek');
insert into localites values(9120,'Melsele');
insert into localites values(9820,'Melsen');
insert into localites values(4837,'Membach');
insert into localites values(5550,'Membre');
insert into localites values(3770,'Membruggen');
insert into localites values(9042,'Mendonk');
insert into localites values(8930,'MENEN');
insert into localites values(6567,'MERBES-LE-CHÂTEAU');
insert into localites values(6567,'Merbes-Sainte-Marie');
insert into localites values(1785,'MERCHTEM');
insert into localites values(4280,'Merdorp');
insert into localites values(9420,'Mere');
insert into localites values(9820,'MERELBEKE');
insert into localites values(9850,'Merendree');
insert into localites values(8650,'Merkem');
insert into localites values(2170,'Merksem');
insert into localites values(2330,'MERKSPLAS');
insert into localites values(5600,'Merlemont');
insert into localites values(7822,'Meslin-L"Evêque');
insert into localites values(5560,'Mesnil-Eglise');
insert into localites values(5560,'Mesnil-Saint-Blaise');
insert into localites values(9200,'Mespelare');
insert into localites values(6780,'MESSANCY');
insert into localites values(3272,'Messelbroek');
insert into localites values(8957,'MESSINES');
insert into localites values(7022,'Mesvin');
insert into localites values(3870,'Mettekoven');
insert into localites values(5640,'METTET');
insert into localites values(8760,'MEULEBEKE');
insert into localites values(5081,'Meux');
insert into localites values(7942,'Mévergnies-Lez-Lens');
insert into localites values(4770,'Meyerode');
insert into localites values(9660,'Michelbeke');
insert into localites values(4630,'Micheroux');
insert into localites values(9992,'Middelburg');
insert into localites values(8430,'MIDDELKERKE');
insert into localites values(5376,'Miécret');
insert into localites values(3891,'Mielen-Boven-Aalst');
insert into localites values(7070,'Mignault');
insert into localites values(3770,'Millen');
insert into localites values(4041,'Milmort');
insert into localites values(2322,'Minderhout');
insert into localites values(6870,'Mirwart');
insert into localites values(4577,'MODAVE');
insert into localites values(8552,'Moen');
insert into localites values(9500,'Moerbeke');
insert into localites values(9180,'MOERBEKE-WAAS');
insert into localites values(8470,'Moere');
insert into localites values(8340,'Moerkerke');
insert into localites values(9220,'Moerzeke');
insert into localites values(4520,'Moha');
insert into localites values(5361,'Mohiville');
insert into localites values(5060,'Moignelée');
insert into localites values(6800,'Moircy');
insert into localites values(2400,'MOL');
insert into localites values(7760,'Molenbaix');
insert into localites values(1080,'MOLENBEEK-SAINT-JEAN');
insert into localites values(3461,'Molenbeek-Wersbeek');
insert into localites values(3640,'Molenbeersel');
insert into localites values(3294,'Molenstede');
insert into localites values(1730,'Mollem');
insert into localites values(4350,'Momalle');
insert into localites values(6590,'MOMIGNIES');
insert into localites values(5555,'Monceau-En-Ardenne');
insert into localites values(6592,'Monceau-Imbrechies');
insert into localites values(6031,'Monceau-Sur-Sambre');
insert into localites values(7000,'MONS');
insert into localites values(4400,'Mons-Lez-Liège');
insert into localites values(1400,'Monstreux');
insert into localites values(5530,'Mont');
insert into localites values(6661,'Mont');
insert into localites values(5580,'Mont-Gauthier');
insert into localites values(1367,'Mont-Saint-André');
insert into localites values(7542,'Mont-Saint-Aubert');
insert into localites values(1435,'MONT-SAINT-GUIBERT');
insert into localites values(7141,'Mont-Sainte-Aldegonde');
insert into localites values(6540,'Mont-Sainte-Geneviève');
insert into localites values(6032,'Mont-Sur-Marchienne');
insert into localites values(6470,'Montbliart');
insert into localites values(4420,'Montegnée');
insert into localites values(3890,'Montenaken');
insert into localites values(7870,'Montignies-Lez-Lens');
insert into localites values(6560,'Montignies-Saint-Christophe');
insert into localites values(7387,'Montignies-Sur-Roc');
insert into localites values(6061,'Montignies-Sur-Sambre');
insert into localites values(6110,'MONTIGNY-LE-TILLEUL');
insert into localites values(6674,'Montleban');
insert into localites values(7911,'Montroeul-Au-Bois');
insert into localites values(7350,'Montroeul-Sur-Haine');
insert into localites values(4850,'Montzen');
insert into localites values(9310,'Moorsel');
insert into localites values(8560,'Moorsele');
insert into localites values(8890,'MOORSLEDE');
insert into localites values(9860,'Moortsele');
insert into localites values(3740,'Mopertingen');
insert into localites values(9790,'Moregem');
insert into localites values(4850,'Moresnet');
insert into localites values(6640,'Morhet');
insert into localites values(5621,'Morialmé');
insert into localites values(2200,'Morkhoven');
insert into localites values(7140,'Morlanwelz-Mariemont');
insert into localites values(6997,'Mormont');
insert into localites values(5190,'Mornimont');
insert into localites values(4670,'Mortier');
insert into localites values(4607,'Mortroux');
insert into localites values(2640,'MORTSEL');
insert into localites values(5620,'Morville');
insert into localites values(3790,'Mouland');
insert into localites values(7812,'Moulbaix');
insert into localites values(7543,'Mourcourt');
insert into localites values(7700,'MOUSCRON');
insert into localites values(7911,'Moustier');
insert into localites values(5190,'Moustier-Sur-Sambre');
insert into localites values(5550,'Mouzaive');
insert into localites values(4280,'Moxhe');
insert into localites values(5340,'Mozet');
insert into localites values(2812,'Muizen');
insert into localites values(3891,'Muizen');
insert into localites values(9700,'Mullem');
insert into localites values(9630,'Munkzwalm');
insert into localites values(6820,'Muno');
insert into localites values(3740,'Munsterbilzen');
insert into localites values(9820,'Munte');
insert into localites values(6750,'MUSSON');
insert into localites values(6750,'Mussy-La-Ville');
insert into localites values(4190,'My');
insert into localites values(7062,'Naast');
insert into localites values(6660,'Nadrin');
insert into localites values(5550,'Nafraiture');
insert into localites values(6120,'Nalinnes');
insert into localites values(5300,'Namêche');
insert into localites values(5000,'NAMUR');
insert into localites values(4550,'NANDRIN');
insert into localites values(5100,'Naninne');
insert into localites values(5555,'Naomé');
insert into localites values(6950,'NASSOGNE');
insert into localites values(5360,'Natoye');
insert into localites values(9810,'NAZARETH');
insert into localites values(7730,'Néchin');
insert into localites values(1120,'Neder-Over-Heembeek');
insert into localites values(9500,'Nederboelare');
insert into localites values(9660,'Nederbrakel');
insert into localites values(9700,'Nederename');
insert into localites values(9400,'Nederhasselt');
insert into localites values(1910,'Nederokkerzeel');
insert into localites values(9636,'Nederzwalm-Hermelgem');
insert into localites values(3670,'Neerglabbeek');
insert into localites values(3620,'Neerharen');
insert into localites values(3350,'Neerhespen');
insert into localites values(1357,'Neerheylissem');
insert into localites values(3040,'Neerijse');
insert into localites values(3404,'Neerlanden');
insert into localites values(3350,'Neerlinter');
insert into localites values(3680,'Neeroeteren');
insert into localites values(3910,'NEERPELT');
insert into localites values(3700,'Neerrepen');
insert into localites values(3370,'Neervelp');
insert into localites values(3400,'Neerwinden');
insert into localites values(9403,'Neigem');
insert into localites values(3700,'Nerem');
insert into localites values(4870,'Nessonvaux');
insert into localites values(1390,'Nethen');
insert into localites values(5377,'Nettinne');
insert into localites values(4721,'Neu-Moresnet');
insert into localites values(4608,'Neufchâteau');
insert into localites values(6840,'NEUFCHÂTEAU');
insert into localites values(7332,'Neufmaison');
insert into localites values(7063,'Neufvilles');
insert into localites values(5600,'Neuville');
insert into localites values(4121,'Neuville-En-Condroz');
insert into localites values(9850,'NEVELE');
insert into localites values(2845,'NIEL');
insert into localites values(3668,'Niel-Bij-As');
insert into localites values(3890,'Niel-Bij-Sint-Truiden');
insert into localites values(9506,'Nieuwenhove');
insert into localites values(1880,'Nieuwenrode');
insert into localites values(3850,'NIEUWERKERKEN');
insert into localites values(9320,'Nieuwerkerken');
insert into localites values(8600,'Nieuwkapelle');
insert into localites values(8950,'Nieuwkerke');
insert into localites values(9100,'Nieuwkerken-Waas');
insert into localites values(8377,'Nieuwmunster');
insert into localites values(8620,'NIEUWPOORT');
insert into localites values(3221,'Nieuwrode');
insert into localites values(2560,'NIJLEN');
insert into localites values(1457,'Nil-Saint-Vincent-Saint-Martin');
insert into localites values(7020,'Nimy');
insert into localites values(9400,'NINOVE');
insert into localites values(5670,'Nismes');
insert into localites values(1400,'NIVELLES');
insert into localites values(5680,'Niverlée');
insert into localites values(6640,'Nives');
insert into localites values(6717,'Nobressart');
insert into localites values(1320,'Nodebais');
insert into localites values(1350,'Noduwez');
insert into localites values(7080,'Noirchain');
insert into localites values(6831,'Noirfontaine');
insert into localites values(5377,'Noiseux');
insert into localites values(9771,'Nokere');
insert into localites values(6851,'Nollevaux');
insert into localites values(2200,'Noorderwijk');
insert into localites values(8647,'Noordschote');
insert into localites values(1930,'Nossegem');
insert into localites values(6717,'Nothomb');
insert into localites values(7022,'Nouvelles');
insert into localites values(4347,'Noville');
insert into localites values(6600,'Noville');
insert into localites values(5380,'Noville-Les-Bois');
insert into localites values(5310,'Noville-Sur-Méhaigne');
insert into localites values(9681,'Nukerke');
insert into localites values(6230,'Obaix');
insert into localites values(7743,'Obigies');
insert into localites values(7034,'Obourg');
insert into localites values(6890,'Ochamps');
insert into localites values(4560,'Ocquier');
insert into localites values(6960,'Odeigne');
insert into localites values(4367,'Odeur');
insert into localites values(8730,'Oedelem');
insert into localites values(8800,'Oekene');
insert into localites values(2520,'Oelegem');
insert into localites values(8690,'Oeren');
insert into localites values(8720,'Oeselgem');
insert into localites values(1755,'Oetingen');
insert into localites values(7911,'Oeudeghien');
insert into localites values(2260,'Oevel');
insert into localites values(6850,'Offagne');
insert into localites values(1934,'Office Exchange Brussels Airport Remailing');
insert into localites values(7862,'Ogy');
insert into localites values(1380,'Ohain');
insert into localites values(5350,'OHEY');
insert into localites values(5670,'Oignies-En-Thiérache');
insert into localites values(1480,'Oisquercq');
insert into localites values(5555,'Oizy');
insert into localites values(9400,'Okegem');
insert into localites values(2250,'OLEN');
insert into localites values(4300,'Oleye');
insert into localites values(7866,'Ollignies');
insert into localites values(5670,'Olloy-Sur-Viroin');
insert into localites values(2491,'Olmen');
insert into localites values(4877,'OLNE');
insert into localites values(9870,'Olsene');
insert into localites values(4252,'Omal');
insert into localites values(4540,'Ombret');
insert into localites values(5600,'Omezée');
insert into localites values(6900,'On');
insert into localites values(5520,'ONHAYE');
insert into localites values(9500,'Onkerzele');
insert into localites values(7387,'Onnezies');
insert into localites values(5190,'Onoz');
insert into localites values(1760,'Onze-Lieve-Vrouw-Lombeek');
insert into localites values(2861,'Onze-Lieve-Vrouw-Waver');
insert into localites values(8710,'Ooigem');
insert into localites values(9700,'Ooike');
insert into localites values(9790,'Ooike');
insert into localites values(9520,'Oombergen');
insert into localites values(9620,'Oombergen');
insert into localites values(3300,'Oorbeek');
insert into localites values(9340,'Oordegem');
insert into localites values(9041,'Oostakker');
insert into localites values(8670,'Oostduinkerke');
insert into localites values(9968,'Oosteeklo');
insert into localites values(8400,'OOSTENDE');
insert into localites values(9860,'OOSTERZELE');
insert into localites values(3945,'Oostham');
insert into localites values(8020,'OOSTKAMP');
insert into localites values(8340,'Oostkerke');
insert into localites values(8600,'Oostkerke');
insert into localites values(2390,'Oostmalle');
insert into localites values(8840,'Oostnieuwkerke');
insert into localites values(8780,'OOSTROZEBEKE');
insert into localites values(8640,'Oostvleteren');
insert into localites values(9931,'Oostwinkel');
insert into localites values(9660,'Opbrakel');
insert into localites values(9255,'Opdorp');
insert into localites values(3660,'OPGLABBEEK');
insert into localites values(3630,'Opgrimbie');
insert into localites values(1421,'Ophain-Bois-Seigneur-Isaac');
insert into localites values(9500,'Ophasselt');
insert into localites values(3870,'Opheers');
insert into localites values(1357,'Opheylissem');
insert into localites values(3640,'Ophoven');
insert into localites values(3960,'Opitter');
insert into localites values(3300,'Oplinter');
insert into localites values(3680,'Opoeteren');
insert into localites values(6852,'Opont');
insert into localites values(1315,'Opprebais');
insert into localites values(2890,'Oppuurs');
insert into localites values(3360,'Opvelp');
insert into localites values(1745,'OPWIJK');
insert into localites values(1360,'Orbais');
insert into localites values(5550,'Orchimont');
insert into localites values(7501,'Orcq');
insert into localites values(3800,'Ordingen');
insert into localites values(5640,'Oret');
insert into localites values(4360,'OREYE');
insert into localites values(6880,'Orgeo');
insert into localites values(7802,'Ormeignies');
insert into localites values(1350,'Orp-Le-Grand');
insert into localites values(7750,'Orroir');
insert into localites values(3350,'Orsmaal-Gussenhoven');
insert into localites values(6983,'Ortho');
insert into localites values(7804,'Ostiches');
insert into localites values(8553,'Otegem');
insert into localites values(4210,'Oteppe');
insert into localites values(4340,'Othée');
insert into localites values(4360,'Otrange');
insert into localites values(3040,'Ottenburg');
insert into localites values(9420,'Ottergem');
insert into localites values(1340,'Ottignies');
insert into localites values(3050,'OUD-HEVERLEE');
insert into localites values(2360,'OUD-TURNHOUT');
insert into localites values(9200,'Oudegem');
insert into localites values(8600,'Oudekapelle');
insert into localites values(9700,'OUDENAARDE');
insert into localites values(1600,'Oudenaken');
insert into localites values(8460,'OUDENBURG');
insert into localites values(4590,'OUFFET');
insert into localites values(4102,'Ougrée');
insert into localites values(4680,'OUPEYE');
insert into localites values(9406,'Outer');
insert into localites values(3321,'Outgaarden');
insert into localites values(4577,'Outrelouxhe');
insert into localites values(8582,'Outrijve');
insert into localites values(9750,'Ouwegem');
insert into localites values(9500,'Overboelare');
insert into localites values(3350,'Overhespen');
insert into localites values(3090,'OVERIJSE');
insert into localites values(9290,'Overmere');
insert into localites values(3900,'OVERPELT');
insert into localites values(3700,'Overrepen');
insert into localites values(3400,'Overwinden');
insert into localites values(3583,'Paal');
insert into localites values(4452,'Paifve');
insert into localites values(4560,'Pailhe');
insert into localites values(6850,'PALISEUL');
insert into localites values(1760,'Pamel');
insert into localites values(7861,'Papignies');
insert into localites values(9661,'Parike');
insert into localites values(8980,'Passendale');
insert into localites values(5575,'Patignies');
insert into localites values(7340,'Paturages');
insert into localites values(9630,'Paulatem');
insert into localites values(7740,'PECQ');
insert into localites values(3990,'PEER');
insert into localites values(7120,'Peissant');
insert into localites values(4287,'Pellaines');
insert into localites values(3212,'Pellenberg');
insert into localites values(1670,'PEPINGEN');
insert into localites values(4860,'PEPINSTER');
insert into localites values(1820,'Perk');
insert into localites values(7640,'Péronnes-Lez-Antoing');
insert into localites values(7134,'Péronnes-Lez-Binche');
insert into localites values(7600,'PÉRUWELZ');
insert into localites values(8600,'Pervijze');
insert into localites values(1360,'PERWEZ');
insert into localites values(5352,'Perwez-Haillot');
insert into localites values(5660,'Pesche');
insert into localites values(5590,'Pessoux');
insert into localites values(9800,'Petegem-Aan-De-Leie');
insert into localites values(9790,'Petegem-Aan-De-Schelde');
insert into localites values(5660,'Petigny');
insert into localites values(7850,'Petit-Enghien');
insert into localites values(5555,'Petit-Fays');
insert into localites values(4280,'Petit-Hallet');
insert into localites values(4800,'Petit-Rechain');
insert into localites values(7090,'Petit-Roeulx-Lez-Braine');
insert into localites values(7181,'Petit-Roeulx-Lez-Nivelles');
insert into localites values(6692,'Petit-Thier');
insert into localites values(5660,'Petite-Chapelle');
insert into localites values(1800,'Peutie');
insert into localites values(5600,'PHILIPPEVILLE');
insert into localites values(7160,'Piéton');
insert into localites values(1370,'Piétrain');
insert into localites values(1315,'Piètrebais');
insert into localites values(7904,'Pipaix');
insert into localites values(3700,'Piringen');
insert into localites values(6240,'Pironchamps');
insert into localites values(8740,'PITTEM');
insert into localites values(4122,'Plainevaux');
insert into localites values(1380,'Plancenoit');
insert into localites values(7782,'Ploegsteert');
insert into localites values(2275,'Poederlee');
insert into localites values(9880,'Poeke');
insert into localites values(8920,'Poelkapelle');
insert into localites values(9850,'Poesele');
insert into localites values(9401,'Pollare');
insert into localites values(4800,'Polleur');
insert into localites values(4910,'Polleur');
insert into localites values(8647,'Pollinkhove');
insert into localites values(7322,'Pommeroeul');
insert into localites values(5574,'Pondrôme');
insert into localites values(6230,'PONT-À-CELLES');
insert into localites values(6250,'Pont-De-Loup');
insert into localites values(5380,'Pontillas');
insert into localites values(8970,'POPERINGE');
insert into localites values(2382,'Poppel');
insert into localites values(7760,'Popuelles');
insert into localites values(5370,'Porcheresse');
insert into localites values(6929,'Porcheresse');
insert into localites values(7760,'Pottes');
insert into localites values(4280,'Poucet');
insert into localites values(4171,'Poulseur');
insert into localites values(6830,'Poupehan');
insert into localites values(4350,'Pousset');
insert into localites values(5660,'Presgaux');
insert into localites values(6250,'Presles');
insert into localites values(5170,'PROFONDEVILLE');
insert into localites values(8972,'Proven');
insert into localites values(5650,'Pry');
insert into localites values(2242,'Pulderbos');
insert into localites values(2243,'Pulle');
insert into localites values(5530,'Purnode');
insert into localites values(5550,'Pussemange');
insert into localites values(2580,'PUTTE');
insert into localites values(2870,'PUURS');
insert into localites values(7390,'QUAREGNON');
insert into localites values(7540,'Quartes');
insert into localites values(1430,'Quenast');
insert into localites values(4610,'Queue-Du-Bois');
insert into localites values(7972,'Quevaucamps');
insert into localites values(7040,'Quévy-Le-Grand');
insert into localites values(7040,'Quévy-Le-Petit');
insert into localites values(7380,'QUIÉVRAIN');
insert into localites values(6792,'Rachecourt');
insert into localites values(4287,'Racour');
insert into localites values(4730,'RAEREN');
insert into localites values(6532,'Ragnies');
insert into localites values(4987,'Rahier');
insert into localites values(7971,'Ramegnies');
insert into localites values(7520,'Ramegnies-Chin');
insert into localites values(4557,'Ramelot');
insert into localites values(1367,'RAMILLIES');
insert into localites values(1880,'Ramsdonk');
insert into localites values(2230,'Ramsel');
insert into localites values(8301,'Ramskapelle');
insert into localites values(8620,'Ramskapelle');
insert into localites values(6470,'Rance');
insert into localites values(6043,'Ransart');
insert into localites values(3470,'Ransberg');
insert into localites values(2520,'RANST');
insert into localites values(2380,'RAVELS');
insert into localites values(7804,'Rebaix');
insert into localites values(1430,'Rebecq-Rognon');
insert into localites values(4780,'Recht');
insert into localites values(6800,'Recogne');
insert into localites values(6890,'Redu');
insert into localites values(2840,'Reet');
insert into localites values(3621,'Rekem');
insert into localites values(8930,'Rekkem');
insert into localites values(1731,'Relegem');
insert into localites values(6800,'Remagne');
insert into localites values(3791,'Remersdaal');
insert into localites values(4350,'REMICOURT');
insert into localites values(9600,'RENAIX');
insert into localites values(6987,'RENDEUX');
insert into localites values(8647,'Reninge');
insert into localites values(8970,'Reningelst');
insert into localites values(6500,'Renlies');
insert into localites values(3950,'Reppel');
insert into localites values(7134,'Ressaix');
insert into localites values(9551,'Ressegem');
insert into localites values(6927,'Resteigne');
insert into localites values(2470,'RETIE');
insert into localites values(4621,'Retinne');
insert into localites values(4790,'Reuland');
insert into localites values(6210,'Rèves');
insert into localites values(5080,'Rhisnes');
insert into localites values(1640,'RHODE-SAINT-GENÈSE');
insert into localites values(4600,'Richelle');
insert into localites values(3770,'RIEMST');
insert into localites values(5575,'Rienne');
insert into localites values(6464,'Rièzes');
insert into localites values(3840,'Rijkel');
insert into localites values(2310,'RIJKEVORSEL');
insert into localites values(3740,'Rijkhoven');
insert into localites values(2820,'Rijmenam');
insert into localites values(3700,'Riksingen');
insert into localites values(3202,'Rillaar');
insert into localites values(5170,'Rivière');
insert into localites values(1330,'RIXENSART');
insert into localites values(6460,'Robechies');
insert into localites values(6769,'Robelmont');
insert into localites values(4950,'Robertville');
insert into localites values(9630,'Roborst');
insert into localites values(5580,'ROCHEFORT');
insert into localites values(6830,'Rochehaut');
insert into localites values(4761,'Rocherath');
insert into localites values(4690,'Roclenge-Sur-Geer');
insert into localites values(4000,'Rocourt');
insert into localites values(8972,'Roesbrugge-Haringe');
insert into localites values(8800,'ROESELARE');
insert into localites values(5651,'Rognée');
insert into localites values(7387,'Roisin');
insert into localites values(8460,'Roksem');
insert into localites values(8510,'Rollegem');
insert into localites values(8880,'Rollegem-Kapelle');
insert into localites values(4347,'Roloux');
insert into localites values(5600,'Roly');
insert into localites values(5600,'Romedenne');
insert into localites values(5680,'Romerée');
insert into localites values(3730,'Romershoven');
insert into localites values(4624,'Romsée');
insert into localites values(7623,'Rongy');
insert into localites values(7090,'Ronquières');
insert into localites values(9932,'Ronsele');
insert into localites values(3370,'Roosbeek');
insert into localites values(1760,'ROOSDAAL');
insert into localites values(5620,'Rosée');
insert into localites values(6250,'Roselies');
insert into localites values(1331,'Rosières');
insert into localites values(3740,'Rosmeer');
insert into localites values(4257,'Rosoux-Crenwick');
insert into localites values(6730,'Rossignol');
insert into localites values(3650,'Rotem');
insert into localites values(4120,'Rotheux-Rimière');
insert into localites values(3110,'ROTSELAAR');
insert into localites values(7601,'Roucourt');
insert into localites values(7120,'Rouveroy');
insert into localites values(4140,'Rouvreux');
insert into localites values(6044,'Roux');
insert into localites values(1315,'Roux-Miroir');
insert into localites values(6900,'Roy');
insert into localites values(9630,'Rozebeke');
insert into localites values(8020,'Ruddervoorde');
insert into localites values(6760,'Ruette');
insert into localites values(9690,'Ruien');
insert into localites values(1601,'Ruisbroek');
insert into localites values(2870,'Ruisbroek');
insert into localites values(8755,'RUISELEDE');
insert into localites values(3870,'Rukkelingen-Loon');
insert into localites values(6724,'Rulles');
insert into localites values(8800,'Rumbeke');
insert into localites values(7610,'RUMES');
insert into localites values(7540,'Rumillies');
insert into localites values(3454,'Rummen');
insert into localites values(3400,'Rumsdorp');
insert into localites values(2840,'RUMST');
insert into localites values(3803,'Runkelen');
insert into localites values(9150,'Rupelmonde');
insert into localites values(7750,'Russeignies');
insert into localites values(3700,'Rutten');
insert into localites values(6221,'Saint-Amand');
insert into localites values(4606,'Saint-André');
insert into localites values(5620,'Saint-Aubin');
insert into localites values(7034,'Saint-Denis');
insert into localites values(5081,'Saint-Denis-Bovesse');
insert into localites values(4470,'SAINT-GEORGES-SUR-MEUSE');
insert into localites values(5640,'Saint-Gérard');
insert into localites values(5310,'Saint-Germain');
insert into localites values(1450,'Saint-Géry');
insert into localites values(7330,'SAINT-GHISLAIN');
insert into localites values(1060,'SAINT-GILLES');
insert into localites values(6870,'SAINT-HUBERT');
insert into localites values(1370,'Saint-Jean-Geest');
insert into localites values(1210,'SAINT-JOSSE-TEN-NOODE');
insert into localites values(6747,'SAINT-LÉGER');
insert into localites values(7730,'Saint-Léger');
insert into localites values(5003,'Saint-Marc');
insert into localites values(6762,'Saint-Mard');
insert into localites values(5190,'Saint-Martin');
insert into localites values(7500,'Saint-Maur');
insert into localites values(6887,'Saint-Médard');
insert into localites values(4420,'SAINT-NICOLAS');
insert into localites values(6800,'Saint-Pierre');
insert into localites values(4672,'Saint-Remy');
insert into localites values(6460,'Saint-Remy');
insert into localites values(1370,'Saint-Remy-Geest');
insert into localites values(7912,'Saint-Sauveur');
insert into localites values(5002,'Saint-Servais');
insert into localites values(4550,'Saint-Séverin');
insert into localites values(7030,'Saint-Symphorien');
insert into localites values(7100,'Saint-Vaast');
insert into localites values(6730,'Saint-Vincent');
insert into localites values(4780,'SAINT-VITH');
insert into localites values(6820,'Sainte-Cécile');
insert into localites values(6800,'Sainte-Marie-Chevigny');
insert into localites values(6740,'Sainte-Marie-Sur-Semois');
insert into localites values(1480,'Saintes');
insert into localites values(4671,'Saive');
insert into localites values(6460,'Salles');
insert into localites values(5600,'Samart');
insert into localites values(6982,'Samrée');
insert into localites values(7080,'Sars-La-Bruyère');
insert into localites values(6542,'Sars-La-Buissière');
insert into localites values(5330,'Sart-Bernard');
insert into localites values(5575,'Sart-Custinne');
insert into localites values(1495,'Sart-Dames-Avelines');
insert into localites values(5600,'Sart-En-Fagne');
insert into localites values(5070,'Sart-Eustache');
insert into localites values(4845,'Sart-Lez-Spa');
insert into localites values(5070,'Sart-Saint-Laurent');
insert into localites values(6470,'Sautin');
insert into localites values(5600,'Sautour');
insert into localites values(5030,'Sauvenière');
insert into localites values(1030,'SCHAERBEEK');
insert into localites values(3290,'Schaffen');
insert into localites values(3732,'Schalkhoven');
insert into localites values(5364,'Schaltin');
insert into localites values(9820,'Schelderode');
insert into localites values(9860,'Scheldewindeke');
insert into localites values(2627,'SCHELLE');
insert into localites values(9260,'Schellebelle');
insert into localites values(9506,'Schendelbeke');
insert into localites values(1703,'Schepdaal');
insert into localites values(3270,'Scherpenheuvel');
insert into localites values(2970,'SCHILDE');
insert into localites values(4782,'Schoenberg');
insert into localites values(9200,'Schoonaarde');
insert into localites values(8433,'Schore');
insert into localites values(9688,'Schorisse');
insert into localites values(2900,'SCHOTEN');
insert into localites values(2223,'Schriek');
insert into localites values(8700,'Schuiferskapelle');
insert into localites values(3540,'Schulen');
insert into localites values(5300,'Sclayn');
insert into localites values(5361,'Scy');
insert into localites values(5300,'Seilles');
insert into localites values(6781,'Sélange');
insert into localites values(6596,'Seloignes');
insert into localites values(9890,'Semmerzake');
insert into localites values(7180,'SENEFFE');
insert into localites values(6832,'Sensenruth');
insert into localites values(4557,'Seny');
insert into localites values(5630,'Senzeille');
insert into localites values(6940,'Septon');
insert into localites values(4100,'SERAING');
insert into localites values(4537,'Seraing-Le-Château');
insert into localites values(5590,'Serinchamps');
insert into localites values(9260,'Serskamp');
insert into localites values(5521,'Serville');
insert into localites values(6640,'Sibret');
insert into localites values(6750,'Signeulx');
insert into localites values(8340,'Sijsele');
insert into localites values(5630,'Silenrieux');
insert into localites values(7830,'SILLY');
insert into localites values(9112,'Sinaai-Waas');
insert into localites values(5377,'Sinsin');
insert into localites values(3040,'Sint-Agatha-Rode');
insert into localites values(2890,'SINT-AMANDS');
insert into localites values(9040,'Sint-Amandsberg');
insert into localites values(8200,'Sint-Andries');
insert into localites values(9550,'Sint-Antelinks');
insert into localites values(8710,'Sint-Baafs-Vijve');
insert into localites values(9630,'Sint-Blasius-Boekel');
insert into localites values(8554,'Sint-Denijs');
insert into localites values(9630,'Sint-Denijs-Boekel');
insert into localites values(9051,'Sint-Denijs-Westrem');
insert into localites values(8793,'Sint-Eloois-Vijve');
insert into localites values(8880,'Sint-Eloois-Winkel');
insert into localites values(9200,'Sint-Gillis-Dendermonde');
insert into localites values(9170,'SINT-GILLIS-WAAS');
insert into localites values(9620,'Sint-Goriks-Oudenhove');
insert into localites values(3730,'Sint-Huibrechts-Hern');
insert into localites values(3910,'Sint-Huibrechts-Lille');
insert into localites values(8600,'Sint-Jacobs-Kapelle');
insert into localites values(8900,'Sint-Jan');
insert into localites values(9982,'Sint-Jan-In-Eremo');
insert into localites values(2960,'Sint-Job-In-"T-Goor');
insert into localites values(8620,'Sint-Joris');
insert into localites values(8730,'Sint-Joris');
insert into localites values(3051,'Sint-Joris-Weert');
insert into localites values(3390,'Sint-Joris-Winge');
insert into localites values(2860,'SINT-KATELIJNE-WAVER');
insert into localites values(1742,'Sint-Katherina-Lombeek');
insert into localites values(9667,'Sint-Kornelis-Horebeke');
insert into localites values(8310,'Sint-Kruis');
insert into localites values(9042,'Sint-Kruis-Winkel');
insert into localites values(1750,'Sint-Kwintens-Lennik');
insert into localites values(3500,'Sint-Lambrechts-Herk');
insert into localites values(9980,'SINT-LAUREINS');
insert into localites values(1600,'Sint-Laureins-Berchem');
insert into localites values(2960,'Sint-Lenaarts');
insert into localites values(9550,'Sint-Lievens-Esse');
insert into localites values(9520,'SINT-LIEVENS-HOUTEM');
insert into localites values(9981,'Sint-Margriete');
insert into localites values(3300,'Sint-Margriete-Houtem');
insert into localites values(3470,'Sint-Margriete-Houtem');
insert into localites values(9667,'Sint-Maria-Horebeke');
insert into localites values(9630,'Sint-Maria-Latem');
insert into localites values(9570,'Sint-Maria-Lierde');
insert into localites values(9620,'Sint-Maria-Oudenhove');
insert into localites values(9660,'Sint-Maria-Oudenhove');
insert into localites values(1700,'Sint-Martens-Bodegem');
insert into localites values(9830,'SINT-MARTENS-LATEM');
insert into localites values(9800,'Sint-Martens-Leerne');
insert into localites values(1750,'Sint-Martens-Lennik');
insert into localites values(9572,'Sint-Martens-Lierde');
insert into localites values(8200,'Sint-Michiels');
insert into localites values(9100,'SINT-NIKLAAS');
insert into localites values(9170,'Sint-Pauwels');
insert into localites values(1541,'Sint-Pieters-Kapelle');
insert into localites values(8433,'Sint-Pieters-Kapelle');
insert into localites values(1600,'SINT-PIETERS-LEEUW');
insert into localites values(3220,'Sint-Pieters-Rode');
insert into localites values(8690,'Sint-Rijkers');
insert into localites values(1932,'Sint-Stevens-Woluwe');
insert into localites values(3800,'SINT-TRUIDEN');
insert into localites values(1700,'Sint-Ulriks-Kapelle');
insert into localites values(4851,'Sippenaeken');
insert into localites values(7332,'Sirault');
insert into localites values(6470,'Sivry');
insert into localites values(9940,'Sleidinge');
insert into localites values(8433,'Slijpe');
insert into localites values(4450,'Slins');
insert into localites values(3700,'Sluizen');
insert into localites values(9506,'Smeerebbe-Vloerzegem');
insert into localites values(9340,'Smetlede');
insert into localites values(6890,'Smuid');
insert into localites values(8470,'Snaaskerke');
insert into localites values(8490,'Snellegem');
insert into localites values(1105,'SOC');
insert into localites values(4557,'Soheit-Tinlot');
insert into localites values(6920,'Sohier');
insert into localites values(7060,'SOIGNIES');
insert into localites values(4861,'Soiron');
insert into localites values(6500,'Solre-Saint-Géry');
insert into localites values(6560,'Solre-Sur-Sambre');
insert into localites values(5140,'SOMBREFFE');
insert into localites values(5377,'SOMME-LEUZE');
insert into localites values(6769,'Sommethonne');
insert into localites values(5523,'Sommière');
insert into localites values(5651,'Somzée');
insert into localites values(5340,'Sorée');
insert into localites values(5333,'Sorinne-La-Longue');
insert into localites values(5503,'Sorinnes');
insert into localites values(5537,'Sosoye');
insert into localites values(4920,'Sougné-Remouchamps');
insert into localites values(5680,'Soulme');
insert into localites values(4630,'SOUMAGNE');
insert into localites values(5630,'Soumoy');
insert into localites values(4950,'Sourbrodt');
insert into localites values(6182,'Souvret');
insert into localites values(5590,'Sovet');
insert into localites values(6997,'Soy');
insert into localites values(5150,'Soye');
insert into localites values(4900,'SPA');
insert into localites values(3510,'Spalbeek');
insert into localites values(7032,'Spiennes');
insert into localites values(5530,'Spontin');
insert into localites values(4140,'SPRIMONT');
insert into localites values(5190,'Spy');
insert into localites values(2940,'STABROEK');
insert into localites values(8840,'STADEN');
insert into localites values(8490,'Stalhille');
insert into localites values(7973,'Stambruges');
insert into localites values(5646,'Stave');
insert into localites values(8691,'Stavele');
insert into localites values(4970,'STAVELOT');
insert into localites values(9140,'Steendorp');
insert into localites values(1840,'Steenhuffel');
insert into localites values(9550,'Steenhuize-Wijnhuize');
insert into localites values(8630,'Steenkerke');
insert into localites values(7090,'Steenkerque');
insert into localites values(1820,'STEENOKKERZEEL');
insert into localites values(9190,'STEKENE');
insert into localites values(4801,'Stembert');
insert into localites values(8400,'Stene');
insert into localites values(1933,'Sterrebeek');
insert into localites values(3512,'Stevoort');
insert into localites values(3650,'Stokkem');
insert into localites values(3511,'Stokrooie');
insert into localites values(4987,'STOUMONT');
insert into localites values(6887,'Straimont');
insert into localites values(6511,'Strée');
insert into localites values(4577,'Strée-Lez-Huy');
insert into localites values(7110,'Strépy-Bracquegnies');
insert into localites values(9620,'Strijpen');
insert into localites values(1760,'Strijtem');
insert into localites values(1853,'Strombeek-Bever');
insert into localites values(8600,'Stuivekenskerke');
insert into localites values(5020,'Suarlée');
insert into localites values(5550,'Sugny');
insert into localites values(5600,'Surice');
insert into localites values(6812,'Suxy');
insert into localites values(6661,'Tailles');
insert into localites values(7618,'Taintignies');
insert into localites values(5060,'Tamines');
insert into localites values(5651,'Tarcienne');
insert into localites values(4163,'Tavier');
insert into localites values(5310,'Taviers');
insert into localites values(6662,'Tavigny');
insert into localites values(6927,'TELLIN');
insert into localites values(7520,'Templeuve');
insert into localites values(5020,'Temploux');
insert into localites values(9140,'TEMSE');
insert into localites values(6970,'TENNEVILLE');
insert into localites values(1790,'Teralfene');
insert into localites values(2840,'Terhagen');
insert into localites values(6813,'Termes');
insert into localites values(1740,'TERNAT');
insert into localites values(7333,'Tertre');
insert into localites values(3080,'TERVUREN');
insert into localites values(4560,'Terwagne');
insert into localites values(3980,'TESSENDERLO');
insert into localites values(3272,'Testelt');
insert into localites values(3793,'Teuven');
insert into localites values(4910,'THEUX');
insert into localites values(6717,'Thiaumont');
insert into localites values(7070,'Thieu');
insert into localites values(7901,'Thieulain');
insert into localites values(7061,'Thieusies');
insert into localites values(6230,'Thiméon');
insert into localites values(4890,'Thimister');
insert into localites values(7533,'Thimougies');
insert into localites values(1402,'Thines');
insert into localites values(6500,'Thirimont');
insert into localites values(4280,'Thisnes');
insert into localites values(4791,'Thommen');
insert into localites values(5300,'Thon');
insert into localites values(1360,'Thorembais-Les-Béguines');
insert into localites values(1360,'Thorembais-Saint-Trond');
insert into localites values(7830,'Thoricourt');
insert into localites values(6536,'Thuillies');
insert into localites values(6530,'THUIN');
insert into localites values(7350,'Thulin');
insert into localites values(7971,'Thumaide');
insert into localites values(5621,'Thy-Le-Baudouin');
insert into localites values(5651,'Thy-Le-Château');
insert into localites values(5502,'Thynes');
insert into localites values(4367,'Thys');
insert into localites values(8573,'Tiegem');
insert into localites values(2460,'Tielen');
insert into localites values(9140,'Tielrode');
insert into localites values(3390,'Tielt');
insert into localites values(8700,'TIELT');
insert into localites values(3300,'TIENEN');
insert into localites values(4630,'Tignée');
insert into localites values(4500,'Tihange');
insert into localites values(3150,'Tildonk');
insert into localites values(4130,'Tilff');
insert into localites values(6680,'Tillet');
insert into localites values(4420,'Tilleur');
insert into localites values(5380,'Tillier');
insert into localites values(1495,'Tilly');
insert into localites values(4557,'TINLOT');
insert into localites values(6637,'Tintange');
insert into localites values(6730,'TINTIGNY');
insert into localites values(2830,'Tisselt');
insert into localites values(6700,'Toernich');
insert into localites values(6941,'Tohogne');
insert into localites values(1570,'Tollembeek');
insert into localites values(3700,'TONGEREN');
insert into localites values(2260,'Tongerlo');
insert into localites values(3960,'Tongerlo');
insert into localites values(7951,'Tongre-Notre-Dame');
insert into localites values(7950,'Tongre-Saint-Martin');
insert into localites values(5140,'Tongrinne');
insert into localites values(6717,'Tontelange');
insert into localites values(6767,'Torgny');
insert into localites values(8820,'TORHOUT');
insert into localites values(4263,'Tourinne');
insert into localites values(1320,'Tourinnes-La-Grosse');
insert into localites values(1457,'Tourinnes-Saint-Lambert');
insert into localites values(7500,'TOURNAI');
insert into localites values(6840,'Tournay');
insert into localites values(7904,'Tourpes');
insert into localites values(6890,'Transinne');
insert into localites values(6183,'Trazegnies');
insert into localites values(5670,'Treignes');
insert into localites values(4670,'Trembleur');
insert into localites values(3120,'TREMELO');
insert into localites values(7100,'Trivières');
insert into localites values(4280,'Trognée');
insert into localites values(4980,'TROIS-PONTS');
insert into localites values(1480,'TUBIZE');
insert into localites values(2300,'TURNHOUT');
insert into localites values(1180,'UCCLE');
insert into localites values(6833,'Ucimont');
insert into localites values(3631,'Uikhoven');
insert into localites values(9290,'Uitbergen');
insert into localites values(8370,'Uitkerke');
insert into localites values(3832,'Ulbeek');
insert into localites values(5310,'Upigny');
insert into localites values(9910,'Ursel');
insert into localites values(3054,'Vaalbeek');
insert into localites values(3770,'Val-Meer');
insert into localites values(6741,'Vance');
insert into localites values(2431,'Varendonk');
insert into localites values(8490,'Varsenare');
insert into localites values(5680,'Vaucelles');
insert into localites values(7536,'Vaulx');
insert into localites values(6462,'Vaulx-Lez-Chimay');
insert into localites values(6960,'Vaux-Chavanne');
insert into localites values(4530,'Vaux-Et-Borset');
insert into localites values(6640,'Vaux-Lez-Rosières');
insert into localites values(4051,'Vaux-Sous-Chèvremont');
insert into localites values(6640,'VAUX-SUR-SÛRE');
insert into localites values(3870,'Vechmaal');
insert into localites values(5020,'Vedrin');
insert into localites values(2431,'Veerle');
insert into localites values(5060,'Velaine-Sur-Sambre');
insert into localites values(7760,'Velaines');
insert into localites values(8210,'Veldegem');
insert into localites values(3620,'Veldwezelt');
insert into localites values(7120,'Vellereille-Le-Sec');
insert into localites values(7120,'Vellereille-Les-Brayeux');
insert into localites values(3806,'Velm');
insert into localites values(4460,'Velroux');
insert into localites values(3020,'Veltem-Beisem');
insert into localites values(9620,'Velzeke-Ruddershove');
insert into localites values(5575,'Vencimont');
insert into localites values(6440,'Vergnies');
insert into localites values(4537,'VERLAINE');
insert into localites values(5370,'Verlée');
insert into localites values(9130,'Verrebroek');
insert into localites values(3370,'Vertrijk');
insert into localites values(4800,'VERVIERS');
insert into localites values(6870,'Vesqueville');
insert into localites values(3870,'Veulen');
insert into localites values(8630,'VEURNE');
insert into localites values(5300,'Vezin');
insert into localites values(7538,'Vezon');
insert into localites values(9500,'Viane');
insert into localites values(8570,'Vichte');
insert into localites values(6690,'VIELSALM');
insert into localites values(4317,'Viemme');
insert into localites values(2240,'Viersel');
insert into localites values(4577,'Vierset-Barse');
insert into localites values(5670,'Vierves-Sur-Viroin');
insert into localites values(6230,'Viesville');
insert into localites values(1472,'Vieux-Genappe');
insert into localites values(4530,'Vieux-Waleffe');
insert into localites values(4190,'Vieuxville');
insert into localites values(6890,'Villance');
insert into localites values(4260,'Ville-En-Hesbaye');
insert into localites values(7322,'Ville-Pommeroeul');
insert into localites values(7070,'Ville-Sur-Haine');
insert into localites values(7334,'Villerot');
insert into localites values(4161,'Villers-Aux-Tours');
insert into localites values(5630,'Villers-Deux-Eglises');
insert into localites values(6823,'Villers-Devant-Orval');
insert into localites values(5600,'Villers-En-Fagne');
insert into localites values(4340,'Villers-L"Evêque');
insert into localites values(6600,'Villers-La-Bonne-Eau');
insert into localites values(6769,'Villers-La-Loue');
insert into localites values(6460,'Villers-La-Tour');
insert into localites values(1495,'VILLERS-LA-VILLE');
insert into localites values(4530,'VILLERS-LE-BOUILLET');
insert into localites values(5600,'Villers-Le-Gambon');
insert into localites values(4280,'Villers-Le-Peuplier');
insert into localites values(4550,'Villers-Le-Temple');
insert into localites values(5080,'Villers-Lez-Heest');
insert into localites values(7812,'Villers-Notre-Dame');
insert into localites values(6210,'Villers-Perwin');
insert into localites values(6280,'Villers-Poterie');
insert into localites values(7812,'Villers-Saint-Amand');
insert into localites values(7031,'Villers-Saint-Ghislain');
insert into localites values(4453,'Villers-Saint-Siméon');
insert into localites values(6941,'Villers-Sainte-Gertrude');
insert into localites values(5580,'Villers-Sur-Lesse');
insert into localites values(6740,'Villers-Sur-Semois');
insert into localites values(1800,'VILVOORDE');
insert into localites values(4520,'Vinalmont');
insert into localites values(9921,'Vinderhoute');
insert into localites values(8630,'Vinkem');
insert into localites values(9800,'Vinkt');
insert into localites values(6461,'Virelles');
insert into localites values(1460,'Virginal-Samme');
insert into localites values(6760,'VIRTON');
insert into localites values(4600,'VISÉ');
insert into localites values(3300,'Vissenaken');
insert into localites values(5070,'Vitrival');
insert into localites values(4683,'Vivegnis');
insert into localites values(6833,'Vivy');
insert into localites values(8600,'Vladslo');
insert into localites values(8908,'Vlamertinge');
insert into localites values(9420,'Vlekkem');
insert into localites values(1602,'Vlezenbeek');
insert into localites values(3724,'Vliermaal');
insert into localites values(3721,'Vliermaalroot');
insert into localites values(9520,'Vlierzele');
insert into localites values(3770,'Vlijtingen');
insert into localites values(2340,'Vlimmeren');
insert into localites values(8421,'Vlissegem');
insert into localites values(5600,'Vodecée');
insert into localites values(5680,'Vodelée');
insert into localites values(5650,'Vogenée');
insert into localites values(9700,'Volkegem');
insert into localites values(1570,'Vollezele');
insert into localites values(5570,'Vonêche');
insert into localites values(9400,'Voorde');
insert into localites values(8902,'Voormezele');
insert into localites values(3840,'Voort');
insert into localites values(4347,'Voroux-Goreux');
insert into localites values(4451,'Voroux-Lez-Liers');
insert into localites values(2290,'VORSELAAR');
insert into localites values(3890,'Vorsen');
insert into localites values(2430,'Vorst');
insert into localites values(2350,'VOSSELAAR');
insert into localites values(9850,'Vosselare');
insert into localites values(3080,'Vossem');
insert into localites values(4041,'Vottem');
insert into localites values(9120,'Vrasene');
insert into localites values(2531,'Vremde');
insert into localites values(3700,'Vreren');
insert into localites values(5550,'VRESSE-SUR-SEMOIS');
insert into localites values(3770,'Vroenhoven');
insert into localites values(3630,'Vucht');
insert into localites values(9890,'Vurste');
insert into localites values(4570,'Vyle-Et-Tharoul');
insert into localites values(3473,'Waanrode');
insert into localites values(9506,'Waarbeke');
insert into localites values(8020,'Waardamme');
insert into localites values(2550,'Waarloos');
insert into localites values(8581,'Waarmaarde');
insert into localites values(9950,'WAARSCHOOT');
insert into localites values(3401,'Waasmont');
insert into localites values(9250,'WAASMUNSTER');
insert into localites values(9185,'WACHTEBEKE');
insert into localites values(7971,'Wadelincourt');
insert into localites values(6223,'Wagnelée');
insert into localites values(6900,'Waha');
insert into localites values(5377,'Waillet');
insert into localites values(4950,'WAIMES');
insert into localites values(8720,'Wakken');
insert into localites values(5650,'WALCOURT');
insert into localites values(2800,'Walem');
insert into localites values(1457,'Walhain-Saint-Paul');
insert into localites values(4711,'Walhorn');
insert into localites values(3401,'Walsbets');
insert into localites values(3401,'Walshoutem');
insert into localites values(3740,'Waltwilder');
insert into localites values(1741,'Wambeek');
insert into localites values(5570,'Wancennes');
insert into localites values(4020,'Wandre');
insert into localites values(6224,'Wanfercée-Baulet');
insert into localites values(3400,'Wange');
insert into localites values(6220,'Wangenies');
insert into localites values(5564,'Wanlin');
insert into localites values(4980,'Wanne');
insert into localites values(7861,'Wannebecq');
insert into localites values(9772,'Wannegem-Lede');
insert into localites values(4280,'Wansin');
insert into localites values(4520,'WANZE');
insert into localites values(9340,'Wanzele');
insert into localites values(7548,'Warchin');
insert into localites values(7740,'Warcoing');
insert into localites values(6600,'Wardin');
insert into localites values(8790,'WAREGEM');
insert into localites values(4300,'WAREMME');
insert into localites values(4217,'Waret-L"Evêque');
insert into localites values(5310,'Waret-La-Chaussée');
insert into localites values(5080,'Warisoulx');
insert into localites values(5537,'Warnant');
insert into localites values(4530,'Warnant-Dreye');
insert into localites values(7784,'Warneton');
insert into localites values(7340,'Warquignies');
insert into localites values(4608,'Warsage');
insert into localites values(4590,'Warzée');
insert into localites values(7340,'Wasmes');
insert into localites values(7604,'Wasmes-Audemez-Briffoeil');
insert into localites values(7390,'Wasmuel');
insert into localites values(4219,'WASSEIGES');
insert into localites values(9988,'Waterland-Oudeman');
insert into localites values(1410,'WATERLOO');
insert into localites values(1170,'WATERMAEL-BOITSFORT');
insert into localites values(9988,'Watervliet');
insert into localites values(8978,'Watou');
insert into localites values(7910,'Wattripont');
insert into localites values(7131,'Waudrez');
insert into localites values(5540,'Waulsort');
insert into localites values(1440,'Wauthier-Braine');
insert into localites values(1300,'WAVRE');
insert into localites values(5580,'Wavreille');
insert into localites values(6210,'Wayaux');
insert into localites values(1474,'Ways');
insert into localites values(3290,'Webbekom');
insert into localites values(2275,'Wechelderzande');
insert into localites values(2381,'Weelde');
insert into localites values(1982,'Weerde');
insert into localites values(2880,'Weert');
insert into localites values(4860,'Wegnez');
insert into localites values(5523,'Weillen');
insert into localites values(9700,'Welden');
insert into localites values(4840,'WELKENRAEDT');
insert into localites values(9473,'Welle');
insert into localites values(3830,'WELLEN');
insert into localites values(6920,'WELLIN');
insert into localites values(1780,'WEMMEL');
insert into localites values(8420,'Wenduine');
insert into localites values(5100,'Wépion');
insert into localites values(4190,'Werbomont');
insert into localites values(3118,'Werchter');
insert into localites values(6940,'Wéris');
insert into localites values(8610,'Werken');
insert into localites values(3730,'Werm');
insert into localites values(8940,'WERVIK');
insert into localites values(3150,'Wespelaar');
insert into localites values(8434,'Westende');
insert into localites values(2260,'WESTERLO');
insert into localites values(8300,'Westkapelle');
insert into localites values(8460,'Westkerke');
insert into localites values(2390,'Westmalle');
insert into localites values(2235,'Westmeerbeek');
insert into localites values(8954,'Westouter');
insert into localites values(9230,'Westrem');
insert into localites values(8840,'Westrozebeke');
insert into localites values(8640,'Westvleteren');
insert into localites values(9230,'WETTEREN');
insert into localites values(8560,'WEVELGEM');
insert into localites values(7620,'Wez-Velvain');
insert into localites values(3111,'Wezemaal');
insert into localites values(1970,'WEZEMBEEK-OPPEM');
insert into localites values(3401,'Wezeren');
insert into localites values(6666,'Wibrin');
insert into localites values(9260,'WICHELEN');
insert into localites values(3700,'Widooie');
insert into localites values(2222,'Wiekevorst');
insert into localites values(8710,'WIELSBEKE');
insert into localites values(5100,'Wierde');
insert into localites values(7608,'Wiers');
insert into localites values(5571,'Wiesme');
insert into localites values(9280,'Wieze');
insert into localites values(7370,'Wihéries');
insert into localites values(4452,'Wihogne');
insert into localites values(3990,'Wijchmaal');
insert into localites values(3850,'Wijer');
insert into localites values(3018,'Wijgmaal');
insert into localites values(2110,'WIJNEGEM');
insert into localites values(3670,'Wijshagen');
insert into localites values(8953,'Wijtschate');
insert into localites values(3803,'Wilderen');
insert into localites values(7904,'Willaupuis');
insert into localites values(3370,'Willebringen');
insert into localites values(2830,'WILLEBROEK');
insert into localites values(7506,'Willemeau');
insert into localites values(5575,'Willerzie');
insert into localites values(2610,'Wilrijk');
insert into localites values(3012,'Wilsele');
insert into localites values(8431,'Wilskerke');
insert into localites values(3501,'Wimmertingen');
insert into localites values(5570,'Winenne');
insert into localites values(8750,'WINGENE');
insert into localites values(3020,'Winksele');
insert into localites values(3722,'Wintershoven');
insert into localites values(6860,'Witry');
insert into localites values(7890,'Wodecq');
insert into localites values(8640,'Woesten');
insert into localites values(6780,'Wolkrange');
insert into localites values(1200,'WOLUWE-SAINT-LAMBERT');
insert into localites values(1150,'WOLUWE-SAINT-PIERRE');
insert into localites values(1861,'Wolvertem');
insert into localites values(2160,'WOMMELGEM');
insert into localites values(3350,'Wommersom');
insert into localites values(4690,'Wonck');
insert into localites values(9032,'Wondelgem');
insert into localites values(9800,'Wontergem');
insert into localites values(9790,'Wortegem');
insert into localites values(2323,'Wortel');
insert into localites values(9550,'Woubrechtegem');
insert into localites values(8600,'Woumen');
insert into localites values(8670,'Wulpen');
insert into localites values(8952,'Wulvergem');
insert into localites values(8630,'Wulveringem');
insert into localites values(2990,'WUUSTWEZEL');
insert into localites values(4652,'Xhendelesse');
insert into localites values(4432,'Xhendremael');
insert into localites values(4190,'Xhoris');
insert into localites values(4550,'Yernée-Fraineux');
insert into localites values(5650,'Yves-Gomezée');
insert into localites values(5530,'YVOIR');
insert into localites values(9080,'Zaffelare');
insert into localites values(9506,'Zandbergen');
insert into localites values(8680,'Zande');
insert into localites values(2240,'ZANDHOVEN');
insert into localites values(2040,'Zandvliet');
insert into localites values(8400,'Zandvoorde');
insert into localites values(8980,'Zandvoorde');
insert into localites values(9500,'Zarlardinge');
insert into localites values(8610,'Zarren');
insert into localites values(1930,'ZAVENTEM');
insert into localites values(8210,'ZEDELGEM');
insert into localites values(8380,'Zeebrugge');
insert into localites values(9660,'Zegelsem');
insert into localites values(9240,'ZELE');
insert into localites values(3545,'Zelem');
insert into localites values(1731,'Zellik');
insert into localites values(9060,'ZELZATE');
insert into localites values(1980,'ZEMST');
insert into localites values(3800,'Zepperen');
insert into localites values(8490,'Zerkegem');
insert into localites values(1370,'Zétrud-Lumay');
insert into localites values(8470,'Zevekote');
insert into localites values(9080,'Zeveneken');
insert into localites values(9800,'Zeveren');
insert into localites values(9840,'Zevergem');
insert into localites values(3271,'Zichem');
insert into localites values(3770,'Zichen-Zussen-Bolder');
insert into localites values(8902,'Zillebeke');
insert into localites values(9750,'ZINGEM');
insert into localites values(2260,'Zoerle-Parwijs');
insert into localites values(2980,'ZOERSEL');
insert into localites values(3550,'Zolder');
insert into localites values(9930,'ZOMERGEM');
insert into localites values(3520,'ZONHOVEN');
insert into localites values(8980,'ZONNEBEKE');
insert into localites values(9520,'Zonnegem');
insert into localites values(9620,'ZOTTEGEM');
insert into localites values(8630,'Zoutenaaie');
insert into localites values(3440,'ZOUTLEEUW');
insert into localites values(8904,'Zuidschote');
insert into localites values(8377,'ZUIENKERKE');
insert into localites values(9870,'ZULTE');
insert into localites values(9690,'Zulzeke');
insert into localites values(3690,'ZUTENDAAL');
insert into localites values(8550,'ZWEVEGEM');
insert into localites values(8750,'Zwevezele');
insert into localites values(9052,'Zwijnaarde');
insert into localites values(2070,'ZWIJNDRECHT');
		
	          
	
	
	
	
	INSERT INTO UNIT (LIBELLEUNIT, LIBELLELOCA, POSTALCODELOCA) 
	VALUES ('NM005 - Scouts et Guides Andenne', 'ANDENNE', 5300);
INSERT INTO UNIT (LIBELLEUNIT, LIBELLELOCA, POSTALCODELOCA) 
	VALUES ('NM006 - Unité de jambes centre', 'Jambes', 5100);
INSERT INTO UNIT (LIBELLEUNIT, LIBELLELOCA, POSTALCODELOCA) 
	VALUES ('NM008 - Unité de Jambes Montagne', 'Jambes', 5100);
INSERT INTO UNIT (LIBELLEUNIT, LIBELLELOCA, POSTALCODELOCA) 
	VALUES ('NM009 - La 9eme Wierde', 'Sorinne-La-Longue', 5333);
INSERT INTO UNIT (LIBELLEUNIT, LIBELLELOCA, POSTALCODELOCA) 
	VALUES ('NM021 - Unité Scoute de loyers', 'Loyers', 5101);
INSERT INTO UNIT (LIBELLEUNIT, LIBELLELOCA, POSTALCODELOCA) 
	VALUES ('NM050 - Unité de Courriere', 'Courrière', 5336);
INSERT INTO UNIT (LIBELLEUNIT, LIBELLELOCA, POSTALCODELOCA) 
	VALUES ('NM052 - Unité de Nameche', 'Namêche', 5300);
INSERT INTO UNIT (LIBELLEUNIT, LIBELLELOCA, POSTALCODELOCA) 
	VALUES ('NM055 - Unité scoute Ohey', 'OHEY', 5350);

	
INSERT INTO ETU20275.LIBSECT (LIBELLESECT, LIBELLEUNIT) 
	VALUES ('Balladins', 'NM005 - Scouts et Guides Andenne');
INSERT INTO ETU20275.LIBSECT (LIBELLESECT, LIBELLEUNIT) 
	VALUES ('Balladins', 'NM006 - Unité de jambes centre');
INSERT INTO ETU20275.LIBSECT (LIBELLESECT, LIBELLEUNIT) 
	VALUES ('Balladins', 'NM008 - Unité de Jambes Montagne');
INSERT INTO ETU20275.LIBSECT (LIBELLESECT, LIBELLEUNIT) 
	VALUES ('Balladins', 'NM009 - La 9eme Wierde');
INSERT INTO ETU20275.LIBSECT (LIBELLESECT, LIBELLEUNIT) 
	VALUES ('Balladins', 'NM021 - Unité Scoute de loyers');
INSERT INTO ETU20275.LIBSECT (LIBELLESECT, LIBELLEUNIT) 
	VALUES ('Balladins', 'NM050 - Unité de Courriere');
INSERT INTO ETU20275.LIBSECT (LIBELLESECT, LIBELLEUNIT) 
	VALUES ('Balladins', 'NM052 - Unité de Nameche');
INSERT INTO ETU20275.LIBSECT (LIBELLESECT, LIBELLEUNIT) 
	VALUES ('Balladins', 'NM055 - Unité scoute Ohey');
INSERT INTO ETU20275.LIBSECT (LIBELLESECT, LIBELLEUNIT) 
	VALUES ('Eclaireurs', 'NM005 - Scouts et Guides Andenne');
INSERT INTO ETU20275.LIBSECT (LIBELLESECT, LIBELLEUNIT) 
	VALUES ('Eclaireurs', 'NM006 - Unité de jambes centre');
INSERT INTO ETU20275.LIBSECT (LIBELLESECT, LIBELLEUNIT) 
	VALUES ('Eclaireurs', 'NM008 - Unité de Jambes Montagne');
INSERT INTO ETU20275.LIBSECT (LIBELLESECT, LIBELLEUNIT) 
	VALUES ('Eclaireurs', 'NM009 - La 9eme Wierde');
INSERT INTO ETU20275.LIBSECT (LIBELLESECT, LIBELLEUNIT) 
	VALUES ('Eclaireurs', 'NM021 - Unité Scoute de loyers');
INSERT INTO ETU20275.LIBSECT (LIBELLESECT, LIBELLEUNIT) 
	VALUES ('Eclaireurs', 'NM050 - Unité de Courriere');
INSERT INTO ETU20275.LIBSECT (LIBELLESECT, LIBELLEUNIT) 
	VALUES ('Eclaireurs', 'NM052 - Unité de Nameche');
INSERT INTO ETU20275.LIBSECT (LIBELLESECT, LIBELLEUNIT) 
	VALUES ('Eclaireurs', 'NM055 - Unité scoute Ohey');
INSERT INTO ETU20275.LIBSECT (LIBELLESECT, LIBELLEUNIT) 
	VALUES ('Louvetaux', 'NM005 - Scouts et Guides Andenne');
INSERT INTO ETU20275.LIBSECT (LIBELLESECT, LIBELLEUNIT) 
	VALUES ('Louvetaux', 'NM006 - Unité de jambes centre');
INSERT INTO ETU20275.LIBSECT (LIBELLESECT, LIBELLEUNIT) 
	VALUES ('Louvetaux', 'NM008 - Unité de Jambes Montagne');
INSERT INTO ETU20275.LIBSECT (LIBELLESECT, LIBELLEUNIT) 
	VALUES ('Louvetaux', 'NM009 - La 9eme Wierde');
INSERT INTO ETU20275.LIBSECT (LIBELLESECT, LIBELLEUNIT) 
	VALUES ('Louvetaux', 'NM021 - Unité Scoute de loyers');
INSERT INTO ETU20275.LIBSECT (LIBELLESECT, LIBELLEUNIT) 
	VALUES ('Louvetaux', 'NM050 - Unité de Courriere');
INSERT INTO ETU20275.LIBSECT (LIBELLESECT, LIBELLEUNIT) 
	VALUES ('Louvetaux', 'NM052 - Unité de Nameche');
INSERT INTO ETU20275.LIBSECT (LIBELLESECT, LIBELLEUNIT) 
	VALUES ('Louvetaux', 'NM055 - Unité scoute Ohey');
INSERT INTO ETU20275.LIBSECT (LIBELLESECT, LIBELLEUNIT) 
	VALUES ('Pionniers', 'NM005 - Scouts et Guides Andenne');
INSERT INTO ETU20275.LIBSECT (LIBELLESECT, LIBELLEUNIT) 
	VALUES ('Pionniers', 'NM006 - Unité de jambes centre');
INSERT INTO ETU20275.LIBSECT (LIBELLESECT, LIBELLEUNIT) 
	VALUES ('Pionniers', 'NM008 - Unité de Jambes Montagne');
INSERT INTO ETU20275.LIBSECT (LIBELLESECT, LIBELLEUNIT) 
	VALUES ('Pionniers', 'NM009 - La 9eme Wierde');
INSERT INTO ETU20275.LIBSECT (LIBELLESECT, LIBELLEUNIT) 
	VALUES ('Pionniers', 'NM021 - Unité Scoute de loyers');
INSERT INTO ETU20275.LIBSECT (LIBELLESECT, LIBELLEUNIT) 
	VALUES ('Pionniers', 'NM050 - Unité de Courriere');
INSERT INTO ETU20275.LIBSECT (LIBELLESECT, LIBELLEUNIT) 
	VALUES ('Pionniers', 'NM052 - Unité de Nameche');
INSERT INTO ETU20275.LIBSECT (LIBELLESECT, LIBELLEUNIT) 
	VALUES ('Pionniers', 'NM055 - Unité scoute Ohey');
	
	INSERT INTO ETU20275.PERSONNE (NUMID, NOM, PRENOM, TYPEPERS, DATENAISSANCE, POSTALCODELOC, LIBELLELOC, RUE, NUM, NUMBOITE, GSM, EMAIL, TOTEM, IDRESP) 
	VALUES ('2ca82d7f-4f0a-49d8-8a64-eca395326f5c', 'Beaulac', 'Aby', 'Chef', '1990-05-12', 4350, 'Pousset', 'Rue du Vert Galant', '455', '', '0488805105', 'AngeletteBeauLac@dayrep.com', 'Mandrill', NULL);
INSERT INTO ETU20275.PERSONNE (NUMID, NOM, PRENOM, TYPEPERS, DATENAISSANCE, POSTALCODELOC, LIBELLELOC, RUE, NUM, NUMBOITE, GSM, EMAIL, TOTEM, IDRESP) 
	VALUES ('912ce810-6d42-4ab6-a8b5-ccdef57f60dd', 'Cadieux', 'Bernard', 'Chef', '1992-09-06', 3300, 'TIENEN', 'Westdorp', '162A', '3', '0484575785', 'BernardCadieux@dayrep.com', '', NULL);
INSERT INTO ETU20275.PERSONNE (NUMID, NOM, PRENOM, TYPEPERS, DATENAISSANCE, POSTALCODELOC, LIBELLELOC, RUE, NUM, NUMBOITE, GSM, EMAIL, TOTEM, IDRESP) 
	VALUES ('585d6925-f9a4-4cce-9187-04dded73dc11', 'Auger', 'Mirabelle', 'Chef', '1990-05-19', 3040, 'Sint-Agatha-Rode', 'rue Spexhe', '6', '', '0486460853', 'MirabelleAuger@armyspy.com', 'Mandrill', NULL);
INSERT INTO ETU20275.PERSONNE (NUMID, NOM, PRENOM, TYPEPERS, DATENAISSANCE, POSTALCODELOC, LIBELLELOC, RUE, NUM, NUMBOITE, GSM, EMAIL, TOTEM, IDRESP) 
	VALUES ('bb5183c2-09f9-477a-aec3-93bcc670e051', 'Chaussée', 'Marysse', 'Chef', '1990-05-13', 5555, 'Graide', 'Rue de Vonêche', '424', '', '0494623527', 'MaryseChaussée@armyspy.com', '', NULL);
INSERT INTO ETU20275.PERSONNE (NUMID, NOM, PRENOM, TYPEPERS, DATENAISSANCE, POSTALCODELOC, LIBELLELOC, RUE, NUM, NUMBOITE, GSM, EMAIL, TOTEM, IDRESP) 
	VALUES ('7bce1ca2-8913-4d88-a194-91a9606791b4', 'Quiron', 'Alexandrie', 'Chef', '1989-12-17', 9042, 'Sint-Kruis-Winkel', 'Poolse Winglaan', '219', '', '0494755428', 'AlexandrieQuiron@dayrep.com', 'Baguera', NULL);
INSERT INTO ETU20275.PERSONNE (NUMID, NOM, PRENOM, TYPEPERS, DATENAISSANCE, POSTALCODELOC, LIBELLELOC, RUE, NUM, NUMBOITE, GSM, EMAIL, TOTEM, IDRESP) 
	VALUES ('b3c6d8a1-63fd-4b4b-b8eb-4305eb40fc02', 'Lagueux', 'Mark', 'Responsable légal', NULL, 3700, 'Nerem', 'Passiewijk', '84', '', '0489782645', 'MarkLagueux@dayrep.com', '', NULL);
INSERT INTO ETU20275.PERSONNE (NUMID, NOM, PRENOM, TYPEPERS, DATENAISSANCE, POSTALCODELOC, LIBELLELOC, RUE, NUM, NUMBOITE, GSM, EMAIL, TOTEM, IDRESP) 
	VALUES ('50e9c1d1-a0c2-4602-ad84-1fcefb4f9e4f', 'Lagueux', 'Elisabeth', 'Animé', '2006-12-17', 3700, 'Nerem', 'Passiewijk', '42', '', NULL, NULL, '', 'b3c6d8a1-63fd-4b4b-b8eb-4305eb40fc02');
INSERT INTO ETU20275.PERSONNE (NUMID, NOM, PRENOM, TYPEPERS, DATENAISSANCE, POSTALCODELOC, LIBELLELOC, RUE, NUM, NUMBOITE, GSM, EMAIL, TOTEM, IDRESP) 
	VALUES ('57cdad35-ba08-44fa-9cfb-99a8493359af', 'Lang', 'Alain', 'Chef', '1993-12-16', 2220, 'Hallaar', 'Rue Fouramon', '169', '', '0491180866', 'AlainLang@dayrep.com', '', NULL);
INSERT INTO ETU20275.PERSONNE (NUMID, NOM, PRENOM, TYPEPERS, DATENAISSANCE, POSTALCODELOC, LIBELLELOC, RUE, NUM, NUMBOITE, GSM, EMAIL, TOTEM, IDRESP) 
	VALUES ('98936f3a-bc66-4070-98fe-0f76a014f8b6', 'Richard', 'Mariette', 'Animé', '1994-12-16', 6532, 'Ragnies', 'Rue de la Poste', '338', '', '0471838689', 'MarietteRichard@armyspy.com', '', NULL);
INSERT INTO ETU20275.PERSONNE (NUMID, NOM, PRENOM, TYPEPERS, DATENAISSANCE, POSTALCODELOC, LIBELLELOC, RUE, NUM, NUMBOITE, GSM, EMAIL, TOTEM, IDRESP) 
	VALUES ('52da5898-749e-431a-9902-e7a6cbf3bddf', 'Lachapelle', 'Guy', 'Animé', '1994-12-15', 3870, 'Horpmaal', 'Rue de la Sarthe', '432', '', '0489944563', 'GuyLachapelle@dayrep.com', '', NULL);


	
INSERT INTO ETU20275.DEMANDEINSCRIPT (IDDEM, NUMID, ETAT, DATECREA, DATEMODIF, ENVOISCOLIS, PRIX, LIBELLESECTION, LIBELLEUNITE) 
	VALUES ('67d7215d-c5e0-4c80-9bb2-75a92fde8ad4', '2ca82d7f-4f0a-49d8-8a64-eca395326f5c', 'En attente', '2013-05-12', '2013-05-12', false, 50, 'Pionniers', 'NM050 - Unité de Courriere');
INSERT INTO ETU20275.DEMANDEINSCRIPT (IDDEM, NUMID, ETAT, DATECREA, DATEMODIF, ENVOISCOLIS, PRIX, LIBELLESECTION, LIBELLEUNITE) 
	VALUES ('c4a2af88-7876-4b98-b8ad-223835c33c46', '912ce810-6d42-4ab6-a8b5-ccdef57f60dd', 'En attente', '2013-05-10', '2013-05-10', false, 50, 'Balladins', 'NM005 - Scouts et Guides Andenne');
INSERT INTO ETU20275.DEMANDEINSCRIPT (IDDEM, NUMID, ETAT, DATECREA, DATEMODIF, ENVOISCOLIS, PRIX, LIBELLESECTION, LIBELLEUNITE) 
	VALUES ('ea17bc28-81de-4044-ab8b-e0874b177a9e', '585d6925-f9a4-4cce-9187-04dded73dc11', 'En attente', '2013-05-10', '2013-05-10', false, 50, 'Louvetaux', 'NM005 - Scouts et Guides Andenne');
INSERT INTO ETU20275.DEMANDEINSCRIPT (IDDEM, NUMID, ETAT, DATECREA, DATEMODIF, ENVOISCOLIS, PRIX, LIBELLESECTION, LIBELLEUNITE) 
	VALUES ('3a7406af-8523-430c-bdfb-fef943df1837', 'bb5183c2-09f9-477a-aec3-93bcc670e051', 'En attente', '2013-05-10', '2013-05-10', false, 50, 'Eclaireurs', 'NM005 - Scouts et Guides Andenne');
INSERT INTO ETU20275.DEMANDEINSCRIPT (IDDEM, NUMID, ETAT, DATECREA, DATEMODIF, ENVOISCOLIS, PRIX, LIBELLESECTION, LIBELLEUNITE) 
	VALUES ('aea4eb4f-6702-4226-8dde-ff699d728f99', '7bce1ca2-8913-4d88-a194-91a9606791b4', 'En attente', '2013-05-10', '2013-05-10', false, 50, 'Pionniers', 'NM005 - Scouts et Guides Andenne');
INSERT INTO ETU20275.DEMANDEINSCRIPT (IDDEM, NUMID, ETAT, DATECREA, DATEMODIF, ENVOISCOLIS, PRIX, LIBELLESECTION, LIBELLEUNITE) 
	VALUES ('31b3def6-037d-474d-b231-7e1ebe84ecc4', '50e9c1d1-a0c2-4602-ad84-1fcefb4f9e4f', 'En attente', '2013-05-10', '2013-05-10', false, 45, 'Balladins', 'NM005 - Scouts et Guides Andenne');
INSERT INTO ETU20275.DEMANDEINSCRIPT (IDDEM, NUMID, ETAT, DATECREA, DATEMODIF, ENVOISCOLIS, PRIX, LIBELLESECTION, LIBELLEUNITE) 
	VALUES ('3dc15a00-b511-46c7-91ad-b886bc02a77f', '57cdad35-ba08-44fa-9cfb-99a8493359af', 'En attente', '2013-05-10', '2013-05-10', false, 50, 'Balladins', 'NM006 - Unité de jambes centre');
INSERT INTO ETU20275.DEMANDEINSCRIPT (IDDEM, NUMID, ETAT, DATECREA, DATEMODIF, ENVOISCOLIS, PRIX, LIBELLESECTION, LIBELLEUNITE) 
	VALUES ('092ffe50-4a3f-4a13-b672-e8d4d73f3e61', '98936f3a-bc66-4070-98fe-0f76a014f8b6', 'En attente', '2013-05-10', '2013-05-10', false, 50, 'Pionniers', 'NM050 - Unité de Courriere');
INSERT INTO ETU20275.DEMANDEINSCRIPT (IDDEM, NUMID, ETAT, DATECREA, DATEMODIF, ENVOISCOLIS, PRIX, LIBELLESECTION, LIBELLEUNITE) 
	VALUES ('f0a22781-a80d-4e4e-88e6-be89071822be', '52da5898-749e-431a-9902-e7a6cbf3bddf', 'En attente', '2013-05-10', '2013-05-10', false, 50, 'Pionniers', 'NM052 - Unité de Nameche');


	
	


